learner_id,day,topic,problem_id,difficulty,difficulty_label,time_taken_sec,attempts,hints_used,passed,optimal_complexity,estimated_complexity,is_optimal,true_skill_before
u00000,0,arrays,arrays-1-08,1,easy,330,1,0,1,O(n),O(n log n),0,0.0151
u00000,0,arrays,arrays-2-23,2,easy,605,1,0,1,O(n),O(n log n),0,0.1458
u00000,0,arrays,arrays-1-20,1,easy,368,1,0,0,O(n),O(n^2),0,0.2569
u00000,0,arrays,arrays-4-30,4,medium,602,1,0,0,O(n),O(n log n),0,0.2867
u00000,1,arrays,arrays-4-29,4,medium,1230,2,0,0,O(n),O(n log n),0,0.3228
u00000,1,arrays,arrays-5-15,5,medium,768,1,2,0,O(n),O(n log n),0,0.3589
u00000,1,arrays,arrays-6-09,6,medium,600,1,3,1,O(n),O(n log n),0,0.3779
u00000,1,sorting,sorting-3-31,3,easy,658,1,0,0,O(n log n),O(n^2),0,0.0025
u00000,1,strings,strings-2-02,2,easy,602,1,2,1,O(n),O(n^2),0,0.0344
u00000,1,two_pointers,two_pointers-1-08,1,easy,313,1,0,1,O(n),O(n),1,0.0041
u00000,2,sorting,sorting-1-02,1,easy,168,1,0,1,O(n log n),O(n log n),1,0.0444
u00000,2,recursion,recursion-2-06,2,easy,904,6,0,0,O(2^n),O(n!),0,0.0552
u00000,2,hashing,hashing-1-40,1,easy,541,2,0,0,O(n),O(n log n),0,0.0346
u00000,2,recursion,recursion-3-32,3,easy,1007,5,0,0,O(2^n),O(n!),0,0.1032
u00000,2,arrays,arrays-6-06,6,medium,1811,1,3,1,O(n),O(n log n),0,0.4047
u00000,3,two_pointers,two_pointers-2-25,2,easy,441,2,0,1,O(n),O(n log n),0,0.1373
u00000,3,linked_list,linked_list-1-11,1,easy,354,1,0,0,O(n),O(n log n),0,0.0073
u00000,3,hashing,hashing-2-31,2,easy,503,1,0,1,O(n),O(n^2),0,0.0847
u00000,4,hashing,hashing-6-17,6,medium,766,1,0,1,O(n),O(n log n),0,0.2045
u00000,4,linked_list,linked_list-2-33,2,easy,916,1,3,1,O(n),O(n),1,0.0603
u00000,4,hashing,hashing-3-04,3,easy,418,1,0,1,O(n),O(n^2),0,0.274
u00000,4,sorting,sorting-2-07,2,easy,530,1,0,1,O(n log n),O(n log n),1,0.1669
u00000,5,strings,strings-1-31,1,easy,455,1,0,1,O(n),O(n),1,0.1058
u00000,5,hashing,hashing-5-08,5,medium,868,7,0,0,O(n),O(n log n),0,0.3662
u00000,5,two_pointers,two_pointers-2-30,2,easy,427,1,0,1,O(n),O(n),1,0.2496
u00000,5,recursion,recursion-1-22,1,easy,251,1,0,1,O(2^n),O(2^n),1,0.1451
u00000,5,two_pointers,two_pointers-5-08,5,medium,647,1,2,1,O(n),O(n log n),0,0.3367
u00000,5,linked_list,linked_list-3-17,3,easy,584,1,0,1,O(n),O(n^2),0,0.1082
u00000,6,stack_queue,stack_queue-1-06,1,easy,368,1,0,1,O(n),O(n^2),0,0.0353
u00000,6,strings,strings-2-36,2,easy,729,1,0,0,O(n),O(n log n),0,0.2132
u00000,6,recursion,recursion-3-13,3,easy,1136,6,0,0,O(2^n),O(n!),0,0.2431
u00000,6,stack_queue,stack_queue-2-02,2,easy,459,1,0,1,O(n),O(n),1,0.1607
u00000,6,arrays,arrays-7-28,7,medium,941,1,0,0,O(n),O(n^2),0,0.429
u00000,6,sorting,sorting-4-09,4,medium,600,1,0,0,O(n log n),O(n^2),0,0.2719
u00000,7,linked_list,linked_list-5-19,5,medium,1090,1,0,0,O(n),O(n^2),0,0.2139
u00000,7,stack_queue,stack_queue-4-25,4,medium,629,1,1,1,O(n),O(n),1,0.2677
u00000,7,sorting,sorting-3-03,3,easy,507,1,0,1,O(n log n),O(n log n),1,0.3082
u00000,7,hashing,hashing-5-32,5,medium,1231,1,0,0,O(n),O(n log n),0,0.3962
u00000,8,strings,strings-4-38,4,medium,994,2,0,1,O(n),O(n),1,0.2504
u00000,8,linked_list,linked_list-1-02,1,easy,337,2,0,0,O(n),O(n log n),0,0.2461
u00000,8,stack_queue,stack_queue-4-34,4,medium,803,3,0,0,O(n),O(n^2),0,0.3409
u00000,8,recursion,recursion-4-30,4,medium,908,1,1,0,O(2^n),O(n!),0,0.2821
u00000,8,two_pointers,two_pointers-2-17,2,easy,471,1,0,1,O(n),O(n),1,0.3826
u00000,8,stack_queue,stack_queue-5-14,5,medium,601,1,0,1,O(n),O(n),1,0.3762
u00000,8,two_pointers,two_pointers-3-02,3,easy,712,1,0,1,O(n),O(n log n),0,0.4432
u00000,9,recursion,recursion-4-34,4,medium,480,1,0,1,O(2^n),O(2^n),1,0.3109
u00000,9,sliding_window,sliding_window-1-02,1,easy,335,1,0,1,O(n),O(n log n),0,0.0037
u00000,10,sliding_window,sliding_window-1-21,1,easy,331,1,0,1,O(n),O(n),1,0.1373
u00000,10,dp,dp-4-05,4,medium,820,2,0,0,O(n^2),O(2^n),0,0.0415
u00000,10,sliding_window,sliding_window-5-18,5,medium,1192,1,1,1,O(n),O(n),1,0.2376
u00000,10,sorting,sorting-5-06,5,medium,1388,2,0,1,O(n log n),O(n log n),1,0.3914
u00000,10,backtracking,backtracking-1-31,1,easy,355,1,0,1,O(2^n),O(n!),0,0.0132
u00000,11,greedy,greedy-2-32,2,easy,482,2,0,1,O(n log n),O(n log n),1,0.0255
u00000,11,linked_list,linked_list-3-12,3,easy,551,1,0,1,O(n),O(n),1,0.2753
u00000,11,strings,strings-4-18,4,medium,739,3,0,1,O(n),O(n log n),0,0.3412
u00000,11,strings,strings-6-18,6,medium,1602,1,2,1,O(n),O(n),1,0.4293
u00000,13,dp,dp-3-34,3,easy,1346,4,1,1,O(n^2),O(n^2),1,0.0776
u00000,13,dp,dp-1-30,1,easy,229,1,0,1,O(n^2),O(n^2),1,0.1627
u00000,13,dp,dp-6-28,6,medium,818,2,1,0,O(n^2),O(2^n),0,0.2572
u00000,13,hashing,hashing-5-39,5,medium,856,1,0,1,O(n),O(n),1,0.4228
u00000,13,recursion,recursion-4-36,4,medium,1096,2,0,0,O(2^n),O(n!),0,0.3989
u00000,13,dp,dp-5-15,5,medium,882,1,0,1,O(n^2),O(n^3),0,0.2797
u00000,13,backtracking,backtracking-2-33,2,easy,589,1,0,1,O(2^n),O(n!),0,0.1437
u00000,14,sliding_window,sliding_window-4-07,4,medium,364,1,0,0,O(n),O(n log n),0,0.3007
u00000,14,recursion,recursion-5-39,5,medium,778,6,0,1,O(2^n),O(2^n),1,0.4284
u00000,14,arrays,arrays-6-06,6,medium,1078,1,0,1,O(n),O(n),1,0.4462
u00000,14,sliding_window,sliding_window-5-01,5,medium,800,2,0,1,O(n),O(n),1,0.3371
u00000,14,strings,strings-8-06,8,hard,690,1,0,0,O(n),O(n log n),0,0.4671
u00000,15,recursion,recursion-6-03,6,medium,640,1,0,0,O(2^n),O(n!),0,0.5033
u00000,15,recursion,recursion-5-40,5,medium,793,1,0,0,O(2^n),O(n!),0,0.5287
u00000,15,backtracking,backtracking-3-17,3,easy,437,1,0,1,O(2^n),O(n!),0,0.2544
u00000,15,greedy,greedy-1-16,1,easy,244,1,0,1,O(n log n),O(n log n),1,0.1446
u00000,15,sliding_window,sliding_window-3-03,3,easy,664,1,0,1,O(n),O(n),1,0.4161
u00000,16,dp,dp-6-12,6,medium,960,1,0,0,O(n^2),O(n^3),0,0.3589
u00000,16,linked_list,linked_list-3-18,3,easy,634,1,0,1,O(n),O(n log n),0,0.3646
u00000,16,linked_list,linked_list-3-38,3,easy,435,1,0,1,O(n),O(n),1,0.438
u00000,16,strings,strings-2-01,2,easy,671,1,0,1,O(n),O(n log n),0,0.4852
u00000,16,greedy,greedy-6-39,6,medium,915,1,0,0,O(n log n),O(n^2),0,0.2428
u00000,16,binary_search,binary_search-3-23,3,easy,398,1,0,0,O(log n),O(n log n),0,0.038
u00000,17,arrays,arrays-5-20,5,medium,669,1,0,0,O(n),O(n^2),0,0.51
u00000,17,arrays,arrays-6-11,6,medium,719,1,0,1,O(n),O(n log n),0,0.5347
u00000,17,sliding_window,sliding_window-3-37,3,easy,533,2,0,0,O(n),O(n^2),0,0.4779
u00000,17,recursion,recursion-8-11,8,hard,432,2,0,0,O(2^n),O(n!),0,0.55
u00000,18,backtracking,backtracking-4-40,4,medium,1800,1,0,1,O(2^n),O(2^n),1,0.3498
u00000,18,trees,trees-2-20,2,easy,530,1,1,0,O(n),O(n log n),0,0.0506
u00000,19,binary_search,binary_search-3-40,3,easy,924,2,3,1,O(log n),O(n),0,0.0799
u00000,19,greedy,greedy-4-13,4,medium,680,1,2,0,O(n log n),O(n^3),0,0.2694
u00000,20,trees,trees-1-27,1,easy,330,1,0,1,O(n),O(n log n),0,0.0888
u00000,20,sorting,sorting-4-30,4,medium,619,1,0,1,O(n log n),O(n log n),1,0.4611
u00000,20,greedy,greedy-5-03,5,medium,582,1,0,1,O(n log n),O(n^3),0,0.291
u00000,20,hashing,hashing-8-02,8,hard,1097,1,0,0,O(n),O(n log n),0,0.4929
u00000,20,dp,dp-6-15,6,medium,1667,1,0,0,O(n^2),O(n^3),0,0.3839
u00000,20,sliding_window,sliding_window-5-31,5,medium,1157,1,0,1,O(n),O(n),1,0.4962
u00000,21,sorting,sorting-5-21,5,medium,615,1,0,1,O(n log n),O(n log n),1,0.5235
u00000,21,two_pointers,two_pointers-6-07,6,medium,1469,2,0,0,O(n),O(n^2),0,0.4908
u00000,21,binary_search,binary_search-1-37,1,easy,367,2,0,0,O(log n),O(n),0,0.122
u00000,21,sliding_window,sliding_window-6-21,6,medium,1044,1,0,1,O(n),O(n^2),0,0.5596
u00000,24,recursion,recursion-4-02,4,medium,440,1,0,1,O(2^n),O(2^n),1,0.5619
u00000,24,binary_search,binary_search-2-40,2,easy,573,1,0,1,O(log n),O(log n),1,0.1627
u00000,24,two_pointers,two_pointers-6-18,6,medium,907,3,0,1,O(n),O(n),1,0.5138
u00000,24,sliding_window,sliding_window-9-32,9,hard,764,4,0,0,O(n),O(n^2),0,0.6154
u00000,25,recursion,recursion-7-13,7,medium,1470,1,1,1,O(2^n),O(2^n),1,0.6063
u00000,25,trees,trees-2-28,2,easy,480,1,0,1,O(n),O(n),1,0.1989
u00000,27,two_pointers,two_pointers-5-17,5,medium,759,1,0,0,O(n),O(n^2),0,0.5735
u00000,27,sliding_window,sliding_window-5-06,5,medium,439,1,0,1,O(n),O(n log n),0,0.6272
u00000,27,arrays,arrays-6-39,6,medium,980,1,0,1,O(n),O(n log n),0,0.586
u00000,27,backtracking,backtracking-3-15,3,easy,1054,1,0,1,O(2^n),O(n!),0,0.4293
u00000,27,stack_queue,stack_queue-3-03,3,easy,477,1,0,1,O(n),O(n),1,0.4406
u00000,27,trees,trees-2-05,2,easy,500,1,0,1,O(n),O(n^2),0,0.2964
u00000,27,greedy,greedy-3-06,3,easy,467,1,0,1,O(n log n),O(n log n),1,0.3674
u00000,29,hashing,hashing-6-21,6,medium,693,1,2,1,O(n),O(n log n),0,0.5046
u00000,29,binary_search,binary_search-1-34,1,easy,662,1,0,1,O(log n),O(log n),1,0.2674
u00000,29,stack_queue,stack_queue-5-13,5,medium,931,1,0,1,O(n),O(n),1,0.4978
u00000,29,greedy,greedy-3-14,3,easy,544,1,0,1,O(n log n),O(n log n),1,0.4387
u00000,31,trees,trees-5-06,5,medium,734,1,0,0,O(n),O(n log n),0,0.371
u00000,31,heaps,heaps-1-15,1,easy,347,1,0,1,O(n log n),O(n log n),1,0.0529
u00000,31,two_pointers,two_pointers-4-36,4,medium,632,1,0,1,O(n),O(n log n),0,0.5894
u00000,33,linked_list,linked_list-4-18,4,medium,835,1,0,1,O(n),O(n),1,0.4837
u00000,33,graphs,graphs-2-17,2,easy,543,2,1,0,O(V+E),O(V^2),0,0.0079
u00000,33,graphs,graphs-1-13,1,easy,745,1,0,1,O(V+E),O(V+E),1,0.0463
u00000,33,two_pointers,two_pointers-6-19,6,medium,1100,1,0,1,O(n),O(n),1,0.6283
u00000,33,two_pointers,two_pointers-10-38,10,hard,1885,5,0,0,O(n),O(n^2),0,0.6748
u00000,35,heaps,heaps-4-07,4,medium,541,1,0,1,O(n log n),O(n log n),1,0.1726
u00000,35,stack_queue,stack_queue-5-12,5,medium,692,1,0,1,O(n),O(n^2),0,0.556
u00000,35,recursion,recursion-10-35,10,hard,877,1,0,1,O(2^n),O(n!),0,0.6353
u00000,36,heaps,heaps-4-40,4,medium,903,1,0,1,O(n log n),O(n^2),0,0.2657
u00000,36,strings,strings-5-17,5,medium,622,1,0,1,O(n),O(n),1,0.5118
u00000,36,binary_search,binary_search-6-30,6,medium,509,3,0,0,O(log n),O(n),0,0.3356
u00000,36,hashing,hashing-6-27,6,medium,866,1,0,1,O(n),O(n log n),0,0.5361
u00000,36,linked_list,linked_list-3-18,3,easy,663,1,0,1,O(n),O(n),1,0.5399
u00000,37,binary_search,binary_search-4-32,4,medium,560,1,0,0,O(log n),O(n),0,0.3629
u00000,37,graphs,graphs-3-05,3,easy,892,5,0,1,O(V+E),O(V+E),1,0.1677
u00000,37,stack_queue,stack_queue-7-20,7,medium,1179,1,2,1,O(n),O(n^2),0,0.607
u00000,37,stack_queue,stack_queue-7-15,7,medium,1468,2,0,1,O(n),O(n),1,0.6369
u00000,37,trees,trees-3-01,3,easy,504,2,0,0,O(n),O(n^2),0,0.3983
u00000,37,trees,trees-4-27,4,medium,1236,1,0,1,O(n),O(n),1,0.425
u00000,37,graphs,graphs-4-03,4,medium,918,1,0,1,O(V+E),O(V^2),0,0.2737
u00000,38,recursion,recursion-8-17,8,hard,1182,2,0,1,O(2^n),O(n!),0,0.663
u00000,38,greedy,greedy-5-32,5,medium,563,1,0,1,O(n log n),O(n^3),0,0.4904
u00000,38,linked_list,linked_list-9-35,9,hard,1831,1,2,1,O(n),O(n log n),0,0.5802
u00000,38,binary_search,binary_search-5-35,5,medium,1001,2,0,0,O(log n),O(n log n),0,0.3955
u00000,38,heaps,heaps-5-30,5,medium,1046,3,0,0,O(n log n),O(n^3),0,0.3567
u00000,39,sliding_window,sliding_window-8-27,8,hard,629,1,3,1,O(n),O(n log n),0,0.6548
u00000,39,arrays,arrays-5-27,5,medium,680,1,0,1,O(n),O(n),1,0.6273
u00000,39,dp,dp-4-31,4,medium,661,1,0,1,O(n^2),O(n^2),1,0.3989
u00000,40,binary_search,binary_search-5-31,5,medium,1397,9,0,1,O(log n),O(log n),1,0.425
u00000,40,linked_list,linked_list-4-06,4,medium,916,1,0,0,O(n),O(n log n),0,0.6015
u00000,40,heaps,heaps-5-06,5,medium,1875,5,0,0,O(n log n),O(n^3),0,0.3869
u00000,41,two_pointers,two_pointers-8-24,8,hard,982,3,2,0,O(n),O(n log n),0,0.6772
u00000,41,two_pointers,two_pointers-6-37,6,medium,961,1,0,1,O(n),O(n),1,0.6866
u00000,41,stack_queue,stack_queue-6-25,6,medium,1155,1,0,1,O(n),O(n log n),0,0.6796
u00000,41,recursion,recursion-6-18,6,medium,636,1,0,1,O(2^n),O(2^n),1,0.6995
u00000,42,graphs,graphs-5-06,5,medium,1033,3,3,1,O(V+E),O(V^3),0,0.3626
u00000,42,trees,trees-4-14,4,medium,554,1,0,1,O(n),O(n),1,0.4911
u00000,42,heaps,heaps-6-17,6,medium,638,2,0,0,O(n log n),O(n^3),0,0.4166
u00000,42,trees,trees-6-19,6,medium,647,1,0,1,O(n),O(n),1,0.5488
u00000,42,heaps,heaps-4-30,4,medium,1051,1,0,1,O(n log n),O(n log n),1,0.4437
u00000,42,hashing,hashing-7-18,7,medium,873,1,0,1,O(n),O(n),1,0.5912
u00000,43,backtracking,backtracking-6-05,6,medium,667,1,1,0,O(2^n),O(n!),0,0.4775
u00000,43,graphs,graphs-4-06,4,medium,564,3,0,0,O(V+E),O(V^2),0,0.3934
u00000,43,graphs,graphs-4-04,4,medium,844,8,0,1,O(V+E),O(V^2),0,0.4242
u00000,43,trees,trees-7-13,7,medium,660,2,0,0,O(n),O(n log n),0,0.6081
u00000,43,sliding_window,sliding_window-5-11,5,medium,529,1,0,1,O(n),O(n),1,0.6664
u00000,44,backtracking,backtracking-4-09,4,medium,410,3,0,1,O(2^n),O(2^n),1,0.4974
u00000,44,dp,dp-7-24,7,medium,1489,2,1,0,O(n^2),O(2^n),0,0.4705
u00000,44,linked_list,linked_list-6-10,6,medium,588,1,0,1,O(n),O(n),1,0.6129
u00000,45,arrays,arrays-6-10,6,medium,473,1,0,1,O(n),O(n),1,0.6614
u00000,45,strings,strings-6-08,6,medium,666,3,0,0,O(n),O(n log n),0,0.5644
u00000,45,sorting,sorting-3-04,3,easy,429,3,0,0,O(n log n),O(n^2),0,0.5609
u00000,45,dp,dp-9-03,9,hard,1898,2,3,1,O(n^2),O(n^3),0,0.4879
u00000,45,sorting,sorting-5-06,5,medium,803,1,0,1,O(n log n),O(n log n),1,0.5765
u00000,49,graphs,graphs-5-04,5,medium,987,2,0,0,O(V+E),O(V^3),0,0.4896
u00000,49,linked_list,linked_list-6-18,6,medium,582,1,0,0,O(n),O(n log n),0,0.6563
u00000,49,heaps,heaps-8-05,8,hard,1601,3,0,1,O(n log n),O(n^3),0,0.5042
u00000,50,backtracking,backtracking-8-32,8,hard,1218,8,0,0,O(2^n),O(n!),0,0.5483
u00000,50,arrays,arrays-6-11,6,medium,592,1,0,1,O(n),O(n),1,0.6961
u00000,50,recursion,recursion-4-37,4,medium,601,1,0,1,O(2^n),O(2^n),1,0.7229
u00000,50,sorting,sorting-5-30,5,medium,487,1,0,1,O(n log n),O(n log n),1,0.6206
u00000,50,binary_search,binary_search-5-37,5,medium,1104,1,0,1,O(log n),O(log n),1,0.4925
u00000,50,recursion,recursion-8-39,8,hard,1099,1,0,0,O(2^n),O(n!),0,0.7457
u00000,50,recursion,recursion-10-26,10,hard,1753,4,1,0,O(2^n),O(n!),0,0.759
u00000,52,heaps,heaps-5-05,5,medium,798,1,0,1,O(n log n),O(n log n),1,0.5499
u00000,52,two_pointers,two_pointers-7-18,7,medium,1400,1,0,1,O(n),O(n^2),0,0.7099
u00000,52,greedy,greedy-5-04,5,medium,496,1,0,1,O(n log n),O(n log n),1,0.543
u00000,52,dp,dp-4-19,4,medium,488,1,0,1,O(n^2),O(n^2),1,0.4984
u00000,52,trees,trees-6-37,6,medium,932,1,0,1,O(n),O(n),1,0.6184
u00000,52,linked_list,linked_list-6-16,6,medium,671,1,0,0,O(n),O(n log n),0,0.6694
u00000,53,linked_list,linked_list-7-36,7,medium,425,1,0,1,O(n),O(n),1,0.684
u00000,53,sliding_window,sliding_window-8-25,8,hard,1339,1,1,1,O(n),O(n),1,0.6896
u00000,53,linked_list,linked_list-7-23,7,medium,1250,2,0,0,O(n),O(n^2),0,0.7259
u00000,54,backtracking,backtracking-7-09,7,medium,988,4,0,0,O(2^n),O(n!),0,0.5631
u00000,54,strings,strings-5-27,5,medium,467,1,0,1,O(n),O(n log n),0,0.5787
u00000,54,sliding_window,sliding_window-7-26,7,medium,683,2,0,0,O(n),O(n log n),0,0.7188
u00000,55,stack_queue,stack_queue-7-35,7,medium,927,4,0,0,O(n),O(n log n),0,0.7008
u00000,55,hashing,hashing-5-04,5,medium,397,1,0,1,O(n),O(n),1,0.6283
u00000,55,backtracking,backtracking-5-34,5,medium,506,1,0,1,O(2^n),O(2^n),1,0.5831
u00000,55,binary_search,binary_search-6-26,6,medium,662,2,0,0,O(log n),O(n log n),0,0.5528
u00000,55,dp,dp-6-22,6,medium,751,1,0,1,O(n^2),O(2^n),0,0.5519
u00000,55,graphs,graphs-7-33,7,medium,545,1,0,1,O(V+E),O(V^2),0,0.5105
u00000,57,greedy,greedy-7-03,7,medium,927,1,1,1,O(n log n),O(n^3),0,0.5934
u00000,57,arrays,arrays-10-35,10,hard,1573,2,0,0,O(n),O(n^2),0,0.7225
u00000,57,hashing,hashing-7-07,7,medium,528,1,0,1,O(n),O(n log n),0,0.6668
u00000,58,binary_search,binary_search-4-18,4,medium,612,1,0,1,O(log n),O(log n),1,0.5738
u00000,58,recursion,recursion-9-26,9,hard,1310,8,0,0,O(2^n),O(n!),0,0.7564
u00000,58,dp,dp-5-32,5,medium,872,1,0,1,O(n^2),O(n^2),1,0.6089
u00000,58,strings,strings-7-32,7,medium,1029,3,0,0,O(n),O(n log n),0,0.6234
u00000,58,linked_list,linked_list-8-22,8,hard,1252,1,0,1,O(n),O(n),1,0.7333
u00000,58,linked_list,linked_list-8-19,8,hard,730,1,0,1,O(n),O(n),1,0.7677
u00000,59,arrays,arrays-7-29,7,medium,331,1,0,1,O(n),O(n),1,0.7307
u00000,59,greedy,greedy-7-14,7,medium,641,1,0,1,O(n log n),O(n^3),0,0.6317
u00000,59,binary_search,binary_search-7-35,7,medium,1366,10,0,0,O(log n),O(n),0,0.6163
u00000,59,heaps,heaps-9-02,9,hard,2442,1,1,0,O(n log n),O(n^2),0,0.5969
u00000,59,trees,trees-6-05,6,medium,996,1,0,1,O(n),O(n log n),0,0.6586
u00000,60,graphs,graphs-7-09,7,medium,736,1,3,1,O(V+E),O(V^3),0,0.5613
u00000,60,two_pointers,two_pointers-6-19,6,medium,354,1,0,1,O(n),O(n),1,0.7371
u00000,60,linked_list,linked_list-10-03,10,hard,749,1,0,1,O(n),O(n log n),0,0.7958
u00000,60,heaps,heaps-8-01,8,hard,865,1,2,0,O(n log n),O(n^2),0,0.6081
u00000,61,strings,strings-6-03,6,medium,565,2,0,0,O(n),O(n log n),0,0.6395
u00000,61,sorting,sorting-9-06,9,hard,1540,10,3,0,O(n log n),O(n^3),0,0.6505
u00000,61,dp,dp-6-29,6,medium,742,1,0,1,O(n^2),O(2^n),0,0.6495
u00000,61,heaps,heaps-7-36,7,medium,994,4,0,0,O(n log n),O(n^3),0,0.6175
u00000,61,trees,trees-9-23,9,hard,931,3,0,0,O(n),O(n log n),0,0.6974
u00000,61,two_pointers,two_pointers-8-29,8,hard,760,3,0,0,O(n),O(n^2),0,0.7647
u00000,61,heaps,heaps-7-22,7,medium,1149,1,0,0,O(n log n),O(n^2),0,0.6371
u00000,62,graphs,graphs-7-14,7,medium,829,5,0,1,O(V+E),O(V+E),1,0.5804
u00000,62,recursion,recursion-10-37,10,hard,757,2,1,0,O(2^n),O(n!),0,0.7624
u00000,63,strings,strings-3-32,3,easy,294,1,0,1,O(n),O(n),1,0.6549
u00000,63,binary_search,binary_search-8-17,8,hard,678,1,0,1,O(log n),O(n log n),0,0.6315
u00000,63,strings,strings-7-20,7,medium,938,1,0,1,O(n),O(n log n),0,0.6813
u00000,65,stack_queue,stack_queue-7-26,7,medium,675,1,0,1,O(n),O(n),1,0.7044
u00000,65,dp,dp-5-11,5,medium,645,1,0,1,O(n^2),O(n^2),1,0.6874
u00000,65,graphs,graphs-7-03,7,medium,819,1,0,1,O(V+E),O(V^2),0,0.6287
u00000,69,strings,strings-6-25,6,medium,1217,1,0,1,O(n),O(n log n),0,0.7161
u00000,69,recursion,recursion-8-30,8,hard,678,1,0,1,O(2^n),O(2^n),1,0.7609
u00000,69,binary_search,binary_search-6-37,6,medium,884,1,0,1,O(log n),O(log n),1,0.6669
u00000,69,dp,dp-7-13,7,medium,650,1,0,1,O(n^2),O(n^3),0,0.7143
u00000,70,strings,strings-7-08,7,medium,784,1,0,1,O(n),O(n),1,0.7469
u00000,70,dp,dp-7-32,7,medium,837,1,0,1,O(n^2),O(2^n),0,0.7496
u00000,70,recursion,recursion-6-29,6,medium,822,1,0,1,O(2^n),O(2^n),1,0.7912
u00000,70,two_pointers,two_pointers-7-13,7,medium,726,2,0,1,O(n),O(n),1,0.7654
u00000,70,greedy,greedy-9-06,9,hard,992,1,1,1,O(n log n),O(n log n),1,0.6671
u00000,70,backtracking,backtracking-9-01,9,hard,761,7,0,0,O(2^n),O(n!),0,0.616
u00000,70,hashing,hashing-6-08,6,medium,456,2,0,0,O(n),O(n^2),0,0.6963
u00000,71,stack_queue,stack_queue-9-17,9,hard,1376,2,0,1,O(n),O(n),1,0.735
u00000,71,binary_search,binary_search-9-22,9,hard,763,1,0,0,O(log n),O(n),0,0.7043
u00000,71,binary_search,binary_search-6-31,6,medium,839,1,0,1,O(log n),O(log n),1,0.7173
u00000,71,graphs,graphs-6-09,6,medium,649,2,0,0,O(V+E),O(V^2),0,0.6698
u00000,71,arrays,arrays-8-23,8,hard,802,1,0,1,O(n),O(n),1,0.7493
u00000,71,sliding_window,sliding_window-6-18,6,medium,821,1,0,1,O(n),O(n log n),0,0.7129
u00000,71,strings,strings-8-03,8,hard,904,1,0,0,O(n),O(n log n),0,0.7769
u00000,74,heaps,heaps-6-24,6,medium,869,1,0,1,O(n log n),O(n^3),0,0.6419
u00000,74,heaps,heaps-6-21,6,medium,668,1,0,1,O(n log n),O(n log n),1,0.686
u00000,74,greedy,greedy-4-20,4,medium,610,1,0,1,O(n log n),O(n log n),1,0.6901
u00000,76,sliding_window,sliding_window-8-38,8,hard,1311,2,0,0,O(n),O(n log n),0,0.7391
u00000,76,trees,trees-7-17,7,medium,1168,3,0,1,O(n),O(n),1,0.6931
u00000,76,graphs,graphs-8-33,8,hard,555,1,0,1,O(V+E),O(V^2),0,0.6796
u00000,77,strings,strings-8-21,8,hard,595,2,0,1,O(n),O(n),1,0.7807
u00000,77,sorting,sorting-7-04,7,medium,799,3,0,1,O(n log n),O(n log n),1,0.64
u00000,77,greedy,greedy-9-21,9,hard,684,2,0,0,O(n log n),O(n^3),0,0.7132
u00000,78,backtracking,backtracking-8-23,8,hard,1151,1,1,1,O(2^n),O(n!),0,0.6224
u00000,78,trees,trees-6-03,6,medium,820,1,0,1,O(n),O(n),1,0.7308
u00000,78,sliding_window,sliding_window-7-17,7,medium,567,1,0,1,O(n),O(n log n),0,0.7499
u00000,78,dp,dp-10-36,10,hard,1129,2,0,1,O(n^2),O(n^3),0,0.7699
u00000,78,sorting,sorting-9-16,9,hard,1741,8,0,0,O(n log n),O(n^2),0,0.686
u00000,78,backtracking,backtracking-8-25,8,hard,1094,1,0,1,O(2^n),O(2^n),1,0.6568
u00000,79,trees,trees-10-20,10,hard,885,1,2,1,O(n),O(n log n),0,0.7593
u00000,79,recursion,recursion-10-32,10,hard,1020,5,0,0,O(2^n),O(n!),0,0.8003
u00000,79,sorting,sorting-7-29,7,medium,1765,1,0,1,O(n log n),O(n log n),1,0.6983
u00000,79,sorting,sorting-9-30,9,hard,743,1,1,1,O(n log n),O(n^2),0,0.7377
u00000,79,strings,strings-8-33,8,hard,1467,3,0,1,O(n),O(n),1,0.8073
u00000,80,hashing,hashing-10-35,10,hard,1026,1,1,1,O(n),O(n log n),0,0.6985
u00000,80,hashing,hashing-8-05,8,hard,735,1,0,1,O(n),O(n),1,0.7212
u00000,80,two_pointers,two_pointers-10-18,10,hard,945,1,0,1,O(n),O(n log n),0,0.7804
u00000,80,sliding_window,sliding_window-9-01,9,hard,845,2,0,0,O(n),O(n log n),0,0.778
u00000,80,binary_search,binary_search-10-03,10,hard,1376,6,0,0,O(log n),O(n log n),0,0.7378
u00000,80,arrays,arrays-8-30,8,hard,995,1,0,0,O(n),O(n log n),0,0.7702
u00000,82,recursion,recursion-7-40,7,medium,639,1,0,1,O(2^n),O(n!),0,0.8047
u00000,82,greedy,greedy-9-34,9,hard,482,3,3,1,O(n log n),O(n^2),0,0.7196
u00000,82,trees,trees-8-16,8,hard,662,1,0,0,O(n),O(n log n),0,0.77
u00000,82,hashing,hashing-8-25,8,hard,2320,1,0,0,O(n),O(n log n),0,0.754
u00000,82,backtracking,backtracking-6-20,6,medium,553,1,0,1,O(2^n),O(2^n),1,0.6926
u00000,82,strings,strings-9-34,9,hard,886,3,0,0,O(n),O(n log n),0,0.8281
u00000,82,sorting,sorting-7-13,7,medium,636,1,0,1,O(n log n),O(n log n),1,0.7576
u00000,83,sliding_window,sliding_window-9-32,9,hard,350,1,3,1,O(n),O(n),1,0.7845
u00000,83,two_pointers,two_pointers-6-19,6,medium,380,1,0,1,O(n),O(n),1,0.7993
u00000,83,recursion,recursion-10-38,10,hard,1181,1,0,1,O(2^n),O(n!),0,0.8259
u00000,83,heaps,heaps-7-02,7,medium,807,1,0,0,O(n log n),O(n^3),0,0.7118
u00000,84,recursion,recursion-9-26,9,hard,760,2,0,0,O(2^n),O(n!),0,0.8438
u00000,84,binary_search,binary_search-9-08,9,hard,1194,1,0,1,O(log n),O(n),0,0.743
u00000,84,hashing,hashing-6-30,6,medium,640,1,0,1,O(n),O(n),1,0.7642
u00000,84,stack_queue,stack_queue-7-10,7,medium,667,1,0,1,O(n),O(n log n),0,0.7487
u00000,84,two_pointers,two_pointers-7-21,7,medium,723,1,0,0,O(n),O(n log n),0,0.8183
u00000,84,heaps,heaps-7-28,7,medium,706,2,0,0,O(n log n),O(n^2),0,0.7253
u00000,86,stack_queue,stack_queue-9-13,9,hard,885,1,0,1,O(n),O(n log n),0,0.777
u00000,86,graphs,graphs-6-38,6,medium,662,1,0,1,O(V+E),O(V+E),1,0.7064
u00000,86,linked_list,linked_list-6-04,6,medium,509,1,0,1,O(n),O(n log n),0,0.785
u00000,87,binary_search,binary_search-10-11,10,hard,1688,1,0,1,O(log n),O(n log n),0,0.7685
u00000,87,stack_queue,stack_queue-8-15,8,hard,647,1,0,1,O(n),O(n),1,0.8023
u00000,88,recursion,recursion-6-38,6,medium,404,1,0,1,O(2^n),O(2^n),1,0.8459
u00000,88,graphs,graphs-9-15,9,hard,979,1,0,1,O(V+E),O(V^3),0,0.7374
u00000,88,arrays,arrays-6-28,6,medium,407,1,0,1,O(n),O(n),1,0.7718
u00000,88,linked_list,linked_list-10-02,10,hard,2070,10,2,1,O(n),O(n log n),0,0.8046
u00001,1,arrays,arrays-3-17,3,easy,848,1,0,1,O(n),O(n),1,0.3325
u00001,1,two_pointers,two_pointers-4-17,4,medium,500,1,2,1,O(n),O(n),1,0.1259
u00001,1,strings,strings-1-07,1,easy,501,1,0,1,O(n),O(n log n),0,0.0855
u00001,1,sorting,sorting-2-10,2,easy,576,2,0,0,O(n log n),O(n^2),0,0.0821
u00001,4,hashing,hashing-4-14,4,medium,493,2,1,1,O(n),O(n),1,0.2336
u00001,4,stack_queue,stack_queue-2-01,2,easy,625,1,0,0,O(n),O(n log n),0,0.1364
u00001,4,recursion,recursion-3-09,3,easy,547,1,0,0,O(2^n),O(n!),0,0.218
u00001,4,recursion,recursion-3-39,3,easy,539,1,0,1,O(2^n),O(2^n),1,0.2588
u00001,4,strings,strings-1-32,1,easy,363,1,0,1,O(n),O(n),1,0.1926
u00001,4,linked_list,linked_list-1-20,1,easy,534,5,0,1,O(n),O(n^2),0,0.0799
u00001,9,linked_list,linked_list-3-25,3,easy,513,2,0,1,O(n),O(n log n),0,0.187
u00001,9,strings,strings-5-01,5,medium,1124,2,0,0,O(n),O(n log n),0,0.2725
u00001,9,sorting,sorting-5-26,5,medium,792,2,2,0,O(n log n),O(n^2),0,0.1249
u00001,9,sorting,sorting-1-35,1,easy,194,1,0,1,O(n log n),O(n log n),1,0.1436
u00001,11,two_pointers,two_pointers-4-20,4,medium,1257,1,1,1,O(n),O(n log n),0,0.1737
u00001,11,recursion,recursion-3-01,3,easy,626,1,0,1,O(2^n),O(2^n),1,0.3428
u00001,11,strings,strings-4-25,4,medium,1201,3,0,0,O(n),O(n^2),0,0.3015
u00001,11,sorting,sorting-5-25,5,medium,1248,2,0,1,O(n log n),O(n^3),0,0.2376
u00001,11,backtracking,backtracking-4-25,4,medium,1383,1,3,0,O(2^n),O(n!),0,0.0849
u00001,11,backtracking,backtracking-3-01,3,easy,524,4,0,0,O(2^n),O(n!),0,0.0993
u00001,11,dp,dp-3-02,3,easy,656,1,1,0,O(n^2),O(2^n),0,0.0893
u00001,12,backtracking,backtracking-4-21,4,medium,1466,10,0,0,O(2^n),O(n!),0,0.1401
u00001,12,dp,dp-2-38,2,easy,351,1,0,1,O(n^2),O(n^3),0,0.1219
u00001,12,sorting,sorting-4-13,4,medium,743,7,0,0,O(n log n),O(n^2),0,0.3155
u00001,12,dp,dp-1-40,1,easy,403,1,0,1,O(n^2),O(n^2),1,0.2356
u00001,12,backtracking,backtracking-4-27,4,medium,706,2,0,0,O(2^n),O(n!),0,0.1764
u00001,14,sorting,sorting-5-39,5,medium,1130,1,2,0,O(n log n),O(n^2),0,0.3478
u00001,14,two_pointers,two_pointers-1-27,1,easy,323,1,0,1,O(n),O(n),1,0.2434
u00001,14,recursion,recursion-6-22,6,medium,1036,1,3,1,O(2^n),O(n!),0,0.4133
u00001,14,stack_queue,stack_queue-2-14,2,easy,301,3,0,1,O(n),O(n),1,0.1738
u00001,15,arrays,arrays-6-10,6,medium,335,1,2,1,O(n),O(n log n),0,0.3901
u00001,15,backtracking,backtracking-3-25,3,easy,494,1,0,1,O(2^n),O(n!),0,0.2102
u00001,17,linked_list,linked_list-1-24,1,easy,229,1,0,0,O(n),O(n log n),0,0.2809
u00001,17,backtracking,backtracking-4-29,4,medium,462,1,0,1,O(2^n),O(2^n),1,0.3098
u00001,20,strings,strings-4-19,4,medium,649,1,0,1,O(n),O(n log n),0,0.3256
u00001,20,backtracking,backtracking-7-18,7,medium,1176,1,1,1,O(2^n),O(n!),0,0.3932
u00001,20,stack_queue,stack_queue-2-30,2,easy,245,1,0,1,O(n),O(n),1,0.2687
u00001,20,backtracking,backtracking-6-34,6,medium,334,1,0,1,O(2^n),O(2^n),1,0.4393
u00001,20,two_pointers,two_pointers-4-40,4,medium,351,1,0,0,O(n),O(n log n),0,0.3109
u00001,20,arrays,arrays-2-17,2,easy,781,1,0,1,O(n),O(n),1,0.4216
u00001,24,arrays,arrays-6-07,6,medium,740,2,0,0,O(n),O(n log n),0,0.4662
u00001,24,hashing,hashing-5-09,5,medium,654,1,2,1,O(n),O(n log n),0,0.286
u00001,24,strings,strings-5-05,5,medium,670,1,0,1,O(n),O(n^2),0,0.4066
u00001,24,two_pointers,two_pointers-6-13,6,medium,774,1,2,1,O(n),O(n log n),0,0.3406
u00001,25,linked_list,linked_list-3-16,3,easy,308,1,0,1,O(n),O(n),1,0.2986
u00001,25,sorting,sorting-3-05,3,easy,355,2,0,0,O(n log n),O(n^2),0,0.3516
u00001,25,backtracking,backtracking-6-03,6,medium,514,1,3,1,O(2^n),O(n!),0,0.4942
u00001,25,linked_list,linked_list-4-07,4,medium,699,1,0,0,O(n),O(n^2),0,0.3834
u00001,25,trees,trees-3-33,3,easy,966,1,2,0,O(n),O(n log n),0,0.0712
u00001,25,recursion,recursion-6-26,6,medium,1142,4,0,0,O(2^n),O(n!),0,0.4221
u00001,28,trees,trees-1-34,1,easy,303,1,0,1,O(n),O(n^2),0,0.0949
u00001,28,strings,strings-5-10,5,medium,712,4,0,0,O(n),O(n log n),0,0.4736
u00001,28,linked_list,linked_list-4-25,4,medium,923,1,0,1,O(n),O(n),1,0.4091
u00001,29,linked_list,linked_list-6-28,6,medium,1131,1,3,1,O(n),O(n),1,0.4786
u00001,29,arrays,arrays-4-11,4,medium,341,1,0,1,O(n),O(n),1,0.4819
u00001,29,recursion,recursion-4-01,4,medium,780,3,0,0,O(2^n),O(n!),0,0.4411
u00001,29,arrays,arrays-6-06,6,medium,1450,1,0,0,O(n),O(n log n),0,0.5397
u00001,29,strings,strings-9-11,9,hard,1003,4,0,0,O(n),O(n log n),0,0.4983
u00001,30,linked_list,linked_list-7-01,7,medium,1012,10,0,0,O(n),O(n log n),0,0.5016
u00001,30,stack_queue,stack_queue-3-26,3,easy,584,2,0,1,O(n),O(n log n),0,0.3365
u00001,31,strings,strings-7-05,7,medium,672,4,0,0,O(n),O(n log n),0,0.51
u00001,31,linked_list,linked_list-4-33,4,medium,590,1,0,1,O(n),O(n),1,0.5213
u00001,31,two_pointers,two_pointers-4-07,4,medium,498,1,0,1,O(n),O(n),1,0.371
u00001,31,stack_queue,stack_queue-4-14,4,medium,420,1,0,1,O(n),O(n),1,0.4117
u00001,34,strings,strings-8-25,8,hard,582,2,0,0,O(n),O(n log n),0,0.5252
u00001,34,strings,strings-7-35,7,medium,1018,1,1,1,O(n),O(n log n),0,0.5438
u00001,36,sorting,sorting-4-13,4,medium,440,1,0,1,O(n log n),O(n log n),1,0.3659
u00001,36,greedy,greedy-3-04,3,easy,766,1,0,0,O(n log n),O(n^2),0,0.1839
u00001,36,linked_list,linked_list-7-31,7,medium,838,1,2,1,O(n),O(n log n),0,0.5608
u00001,36,dp,dp-3-16,3,easy,400,1,0,1,O(n^2),O(n^2),1,0.289
u00001,36,binary_search,binary_search-4-33,4,medium,842,5,0,0,O(log n),O(n),0,0.2563
u00001,36,two_pointers,two_pointers-5-29,5,medium,1067,1,0,1,O(n),O(n log n),0,0.4414
u00001,36,hashing,hashing-3-33,3,easy,493,1,0,1,O(n),O(n),1,0.3188
u00001,40,binary_search,binary_search-6-24,6,medium,1229,1,3,1,O(log n),O(log n),1,0.2876
u00001,40,trees,trees-3-20,3,easy,786,2,0,1,O(n),O(n log n),0,0.1934
u00001,40,binary_search,binary_search-4-24,4,medium,927,2,0,0,O(log n),O(n),0,0.3149
u00001,40,dp,dp-1-18,1,easy,334,1,0,1,O(n^2),O(n^3),0,0.3699
u00001,40,dp,dp-5-24,5,medium,509,1,0,1,O(n^2),O(n^2),1,0.4219
u00001,40,two_pointers,two_pointers-6-16,6,medium,807,2,0,0,O(n),O(n log n),0,0.506
u00001,40,sorting,sorting-4-15,4,medium,811,10,0,1,O(n log n),O(n^2),0,0.4391
u00001,41,recursion,recursion-2-07,2,easy,507,1,0,1,O(2^n),O(n!),0,0.4471
u00001,41,strings,strings-8-27,8,hard,1048,1,0,0,O(n),O(n log n),0,0.5699
u00001,42,greedy,greedy-2-36,2,easy,524,1,0,1,O(n log n),O(n^3),0,0.2197
u00001,42,strings,strings-5-16,5,medium,352,1,0,1,O(n),O(n^2),0,0.5853
u00001,42,dp,dp-5-01,5,medium,731,1,0,1,O(n^2),O(n^2),1,0.4917
u00001,42,stack_queue,stack_queue-8-28,8,hard,1248,8,0,0,O(n),O(n log n),0,0.4633
u00001,42,two_pointers,two_pointers-4-32,4,medium,398,1,0,1,O(n),O(n),1,0.5262
u00001,44,backtracking,backtracking-5-38,5,medium,1166,1,0,1,O(2^n),O(n!),0,0.4868
u00001,44,stack_queue,stack_queue-4-11,4,medium,997,1,0,1,O(n),O(n),1,0.4786
u00001,44,hashing,hashing-4-38,4,medium,609,1,0,1,O(n),O(n),1,0.3873
u00001,46,two_pointers,two_pointers-8-36,8,hard,1576,1,0,0,O(n),O(n log n),0,0.5671
u00001,46,strings,strings-7-02,7,medium,592,1,0,1,O(n),O(n log n),0,0.6218
u00001,46,strings,strings-10-04,10,hard,583,1,2,1,O(n),O(n log n),0,0.6691
u00001,46,sliding_window,sliding_window-2-39,2,easy,326,1,0,1,O(n),O(n),1,0.2709
u00001,49,stack_queue,stack_queue-6-29,6,medium,701,1,0,1,O(n),O(n),1,0.5264
u00001,49,greedy,greedy-4-13,4,medium,786,1,0,1,O(n log n),O(n log n),1,0.3024
u00001,49,sorting,sorting-6-02,6,medium,664,1,0,1,O(n log n),O(n log n),1,0.4877
u00001,50,trees,trees-2-20,2,easy,384,1,0,1,O(n),O(n),1,0.285
u00001,50,recursion,recursion-4-16,4,medium,472,1,0,1,O(2^n),O(2^n),1,0.4785
u00001,50,two_pointers,two_pointers-9-05,9,hard,1412,6,3,0,O(n),O(n log n),0,0.5756
u00001,50,strings,strings-6-27,6,medium,624,1,0,1,O(n),O(n^2),0,0.6755
u00001,52,trees,trees-3-03,3,easy,582,1,0,1,O(n),O(n log n),0,0.3594
u00001,52,backtracking,backtracking-5-28,5,medium,1162,1,0,1,O(2^n),O(n!),0,0.5344
u00001,52,two_pointers,two_pointers-6-11,6,medium,812,3,0,0,O(n),O(n log n),0,0.577
u00001,52,heaps,heaps-1-36,1,easy,379,1,0,1,O(n log n),O(n^2),0,0.1272
u00001,52,recursion,recursion-6-12,6,medium,1105,6,0,0,O(2^n),O(n!),0,0.5324
u00001,54,sorting,sorting-6-02,6,medium,1154,2,0,0,O(n log n),O(n^2),0,0.5394
u00001,54,binary_search,binary_search-2-22,2,easy,524,1,0,0,O(log n),O(n),0,0.3329
u00001,54,heaps,heaps-3-03,3,easy,681,1,0,1,O(n log n),O(n log n),1,0.2251
u00001,54,stack_queue,stack_queue-6-40,6,medium,681,4,0,0,O(n),O(n log n),0,0.575
u00001,54,linked_list,linked_list-7-11,7,medium,1191,6,0,1,O(n),O(n log n),0,0.5563
u00001,57,binary_search,binary_search-5-09,5,medium,958,1,1,1,O(log n),O(n),0,0.3557
u00001,57,dp,dp-7-14,7,medium,1009,6,0,0,O(n^2),O(2^n),0,0.5264
u00001,57,linked_list,linked_list-5-32,5,medium,365,1,0,1,O(n),O(n),1,0.6006
u00001,57,sorting,sorting-5-31,5,medium,619,5,0,0,O(n log n),O(n^3),0,0.5562
u00001,57,stack_queue,stack_queue-7-05,7,medium,1467,2,0,0,O(n),O(n^2),0,0.5895
u00001,57,recursion,recursion-8-37,8,hard,2062,7,2,0,O(2^n),O(n!),0,0.5453
u00001,57,greedy,greedy-3-15,3,easy,370,1,0,1,O(n log n),O(n^2),0,0.3791
u00001,60,dp,dp-5-32,5,medium,509,1,0,1,O(n^2),O(n^3),0,0.5415
u00001,60,binary_search,binary_search-5-02,5,medium,816,1,0,0,O(log n),O(n),0,0.4121
u00001,60,trees,trees-5-14,5,medium,381,1,0,1,O(n),O(n^2),0,0.4186
u00001,60,backtracking,backtracking-3-39,3,easy,602,1,0,1,O(2^n),O(2^n),1,0.5719
u00001,63,binary_search,binary_search-5-15,5,medium,630,3,0,1,O(log n),O(n),0,0.4365
u00001,63,greedy,greedy-5-14,5,medium,1133,1,0,1,O(n log n),O(n^3),0,0.4371
u00001,63,graphs,graphs-3-14,3,easy,639,1,0,1,O(V+E),O(V^3),0,0.1632
u00001,65,sorting,sorting-6-14,6,medium,766,1,0,1,O(n log n),O(n log n),1,0.5594
u00001,65,hashing,hashing-4-34,4,medium,627,1,0,1,O(n),O(n),1,0.4321
u00001,65,sorting,sorting-6-07,6,medium,565,1,0,1,O(n log n),O(n log n),1,0.6168
u00001,65,recursion,recursion-4-31,4,medium,855,1,0,1,O(2^n),O(2^n),1,0.5394
u00001,65,heaps,heaps-6-01,6,medium,697,2,0,0,O(n log n),O(n^3),0,0.3132
u00001,65,hashing,hashing-4-36,4,medium,625,1,0,1,O(n),O(n^2),0,0.4991
u00001,65,sorting,sorting-9-02,9,hard,1015,5,1,0,O(n log n),O(n^3),0,0.6639
u00001,66,stack_queue,stack_queue-7-35,7,medium,608,1,3,1,O(n),O(n log n),0,0.5888
u00001,66,trees,trees-5-14,5,medium,981,1,0,1,O(n),O(n),1,0.4812
u00001,66,sorting,sorting-8-10,8,hard,776,5,2,1,O(n log n),O(n^2),0,0.672
u00001,66,sorting,sorting-8-03,8,hard,1162,2,0,0,O(n log n),O(n^2),0,0.695
u00001,66,sliding_window,sliding_window-4-13,4,medium,510,2,0,0,O(n),O(n log n),0,0.3284
u00001,66,heaps,heaps-4-27,4,medium,1014,1,0,0,O(n log n),O(n^2),0,0.339
u00001,67,arrays,arrays-4-29,4,medium,846,1,0,1,O(n),O(n),1,0.5078
u00001,67,heaps,heaps-1-02,1,easy,392,1,0,1,O(n log n),O(n log n),1,0.3718
u00001,67,stack_queue,stack_queue-4-25,4,medium,501,1,0,1,O(n),O(n),1,0.6061
u00001,68,arrays,arrays-8-27,8,hard,787,4,0,0,O(n),O(n^2),0,0.5587
u00001,68,binary_search,binary_search-2-01,2,easy,198,1,0,1,O(log n),O(log n),1,0.4996
u00001,68,graphs,graphs-1-35,1,easy,196,1,0,1,O(V+E),O(V+E),1,0.261
u00001,68,sliding_window,sliding_window-5-38,5,medium,1028,1,0,0,O(n),O(n log n),0,0.3604
u00001,68,graphs,graphs-4-28,4,medium,430,1,0,1,O(V+E),O(V^3),0,0.3325
u00001,68,graphs,graphs-5-05,5,medium,668,1,0,0,O(V+E),O(V^2),0,0.4199
u00001,68,sliding_window,sliding_window-7-18,7,medium,1229,10,3,0,O(n),O(n^2),0,0.3911
u00001,69,dp,dp-5-09,5,medium,659,1,0,1,O(n^2),O(2^n),0,0.5757
u00001,69,greedy,greedy-6-03,6,medium,708,1,0,1,O(n log n),O(n log n),1,0.4983
u00001,69,trees,trees-6-22,6,medium,1135,2,0,1,O(n),O(n log n),0,0.54
u00001,69,linked_list,linked_list-6-20,6,medium,898,1,0,1,O(n),O(n^2),0,0.6169
u00001,75,recursion,recursion-6-17,6,medium,671,1,0,1,O(2^n),O(2^n),1,0.5656
u00001,75,two_pointers,two_pointers-6-32,6,medium,551,1,0,1,O(n),O(n),1,0.5558
u00001,78,trees,trees-8-02,8,hard,741,1,1,0,O(n),O(n log n),0,0.5791
u00001,78,recursion,recursion-9-13,9,hard,1203,2,0,0,O(2^n),O(n!),0,0.6143
u00001,78,greedy,greedy-5-16,5,medium,424,1,0,1,O(n log n),O(n log n),1,0.5414
u00001,78,heaps,heaps-3-18,3,easy,951,7,0,0,O(n log n),O(n^2),0,0.4065
u00001,78,greedy,greedy-7-12,7,medium,601,2,0,0,O(n log n),O(n^3),0,0.5956
u00001,79,backtracking,backtracking-7-25,7,medium,1246,1,1,0,O(2^n),O(n!),0,0.5705
u00001,79,heaps,heaps-7-04,7,medium,679,2,0,1,O(n log n),O(n^2),0,0.4301
u00001,79,trees,trees-7-10,7,medium,371,2,0,1,O(n),O(n),1,0.5909
u00001,80,two_pointers,two_pointers-7-09,7,medium,1308,1,3,1,O(n),O(n),1,0.6018
u00001,80,graphs,graphs-6-15,6,medium,761,1,2,1,O(V+E),O(V^2),0,0.4301
u00001,80,dp,dp-10-06,10,hard,920,1,1,0,O(n^2),O(2^n),0,0.5989
u00001,81,backtracking,backtracking-8-08,8,hard,964,1,1,1,O(2^n),O(n!),0,0.5829
u00001,81,heaps,heaps-5-33,5,medium,674,1,0,0,O(n log n),O(n^2),0,0.483
u00001,81,sorting,sorting-4-15,4,medium,432,1,0,1,O(n log n),O(n log n),1,0.6729
u00001,81,hashing,hashing-4-03,4,medium,333,1,0,1,O(n),O(n),1,0.5236
u00001,82,strings,strings-8-07,8,hard,1211,10,1,0,O(n),O(n log n),0,0.6492
u00001,82,recursion,recursion-7-28,7,medium,862,4,0,0,O(2^n),O(n!),0,0.6189
u00001,82,arrays,arrays-5-21,5,medium,1155,1,0,1,O(n),O(n),1,0.5485
u00001,82,two_pointers,two_pointers-8-35,8,hard,795,1,2,1,O(n),O(n),1,0.6162
u00001,82,greedy,greedy-6-10,6,medium,455,1,0,1,O(n log n),O(n^2),0,0.6054
u00001,82,heaps,heaps-7-14,7,medium,1002,4,3,0,O(n log n),O(n^3),0,0.5069
u00001,82,sliding_window,sliding_window-5-28,5,medium,826,2,3,1,O(n),O(n),1,0.3807
u00001,84,hashing,hashing-5-35,5,medium,1543,1,0,1,O(n),O(n),1,0.5671
u00001,84,stack_queue,stack_queue-5-29,5,medium,548,1,0,1,O(n),O(n),1,0.6068
u00001,84,heaps,heaps-5-24,5,medium,536,1,0,1,O(n log n),O(n log n),1,0.5114
u00001,84,sliding_window,sliding_window-5-22,5,medium,716,1,0,1,O(n),O(n log n),0,0.4077
u00001,84,strings,strings-8-19,8,hard,569,1,2,1,O(n),O(n log n),0,0.659
u00001,84,sliding_window,sliding_window-3-16,3,easy,330,1,0,0,O(n),O(n^2),0,0.4824
u00001,85,linked_list,linked_list-8-26,8,hard,3080,1,1,1,O(n),O(n log n),0,0.6277
u00001,85,stack_queue,stack_queue-9-40,9,hard,1051,1,2,1,O(n),O(n^2),0,0.6472
u00001,85,strings,strings-6-39,6,medium,359,1,0,1,O(n),O(n),1,0.6804
u00001,86,stack_queue,stack_queue-4-28,4,medium,472,3,0,1,O(n),O(n),1,0.6654
u00001,86,trees,trees-6-30,6,medium,439,3,0,0,O(n),O(n log n),0,0.6231
u00001,86,arrays,arrays-7-07,7,medium,852,1,1,1,O(n),O(n log n),0,0.5918
u00001,86,graphs,graphs-5-06,5,medium,1355,1,0,0,O(V+E),O(V^2),0,0.4583
u00001,86,two_pointers,two_pointers-3-24,3,easy,273,1,0,1,O(n),O(n),1,0.6312
u00001,88,hashing,hashing-6-18,6,medium,1116,1,0,1,O(n),O(n),1,0.6069
u00001,88,strings,strings-9-09,9,hard,1021,1,0,0,O(n),O(n log n),0,0.7083
u00001,88,greedy,greedy-6-13,6,medium,595,1,0,0,O(n log n),O(n^3),0,0.6392
u00001,88,recursion,recursion-8-26,8,hard,540,1,1,1,O(2^n),O(n!),0,0.623
u00001,88,binary_search,binary_search-5-40,5,medium,736,1,0,1,O(log n),O(n),0,0.5047
u00001,88,heaps,heaps-6-40,6,medium,742,1,0,0,O(n log n),O(n^3),0,0.5619
u00001,89,heaps,heaps-4-09,4,medium,364,1,0,1,O(n log n),O(n^3),0,0.5822
u00001,89,stack_queue,stack_queue-7-38,7,medium,900,4,0,1,O(n),O(n log n),0,0.6862
u00001,89,dp,dp-6-40,6,medium,1011,1,0,0,O(n^2),O(n^3),0,0.5913
u00001,89,linked_list,linked_list-6-21,6,medium,773,2,0,0,O(n),O(n log n),0,0.6506
u00002,0,stack_queue,stack_queue-4-26,4,medium,1418,1,0,1,O(n),O(n),1,0.5271
u00002,0,hashing,hashing-3-28,3,easy,700,3,0,0,O(n),O(n log n),0,0.1956
u00002,0,two_pointers,two_pointers-1-18,1,easy,214,1,0,1,O(n),O(n),1,0.2946
u00002,1,hashing,hashing-3-36,3,easy,859,1,0,1,O(n),O(n^2),0,0.218
u00002,1,sorting,sorting-5-28,5,medium,1490,4,1,0,O(n log n),O(n^3),0,0.2455
u00002,2,hashing,hashing-5-11,5,medium,861,2,1,1,O(n),O(n log n),0,0.2754
u00002,2,two_pointers,two_pointers-2-37,2,easy,660,1,0,1,O(n),O(n),1,0.3285
u00002,3,linked_list,linked_list-6-11,6,medium,868,1,3,1,O(n),O(n^2),0,0.4374
u00002,3,strings,strings-1-06,1,easy,306,1,0,1,O(n),O(n),1,0.2271
u00002,3,strings,strings-3-22,3,easy,525,1,0,1,O(n),O(n log n),0,0.2723
u00002,3,two_pointers,two_pointers-4-26,4,medium,618,1,0,1,O(n),O(n^2),0,0.3662
u00002,3,two_pointers,two_pointers-5-18,5,medium,1186,3,0,1,O(n),O(n log n),0,0.4126
u00002,4,linked_list,linked_list-5-01,5,medium,577,5,0,1,O(n),O(n log n),0,0.4498
u00002,4,recursion,recursion-5-10,5,medium,583,1,1,1,O(2^n),O(n!),0,0.3605
u00002,4,sorting,sorting-3-06,3,easy,718,1,0,1,O(n log n),O(n log n),1,0.2558
u00002,4,linked_list,linked_list-5-20,5,medium,977,1,0,1,O(n),O(n log n),0,0.4912
u00002,4,stack_queue,stack_queue-5-07,5,medium,723,1,0,1,O(n),O(n),1,0.5438
u00002,5,strings,strings-2-08,2,easy,413,1,0,1,O(n),O(n),1,0.321
u00002,5,sorting,sorting-4-28,4,medium,861,1,0,1,O(n log n),O(n^2),0,0.3085
u00002,5,sorting,sorting-8-20,8,hard,1375,4,0,0,O(n log n),O(n^2),0,0.3596
u00002,7,strings,strings-3-02,3,easy,405,1,0,1,O(n),O(n),1,0.3575
u00002,7,two_pointers,two_pointers-6-04,6,medium,877,1,1,1,O(n),O(n),1,0.4457
u00002,8,sorting,sorting-4-32,4,medium,785,1,0,1,O(n log n),O(n^2),0,0.3646
u00002,8,stack_queue,stack_queue-7-34,7,medium,668,1,2,1,O(n),O(n),1,0.5624
u00002,9,hashing,hashing-4-16,4,medium,1303,1,0,1,O(n),O(n^2),0,0.3006
u00002,9,greedy,greedy-3-09,3,easy,671,1,0,1,O(n log n),O(n^3),0,0.3392
u00002,9,stack_queue,stack_queue-9-07,9,hard,1424,8,2,0,O(n),O(n^2),0,0.5768
u00002,10,binary_search,binary_search-7-36,7,medium,1602,1,0,1,O(log n),O(n),0,0.5176
u00002,10,linked_list,linked_list-4-05,4,medium,576,1,0,1,O(n),O(n),1,0.5113
u00002,15,hashing,hashing-5-34,5,medium,802,3,1,0,O(n),O(n^2),0,0.3407
u00002,15,hashing,hashing-5-26,5,medium,1201,1,0,1,O(n),O(n),1,0.355
u00002,15,greedy,greedy-5-07,5,medium,706,1,2,1,O(n log n),O(n log n),1,0.3713
u00002,15,two_pointers,two_pointers-5-08,5,medium,438,1,0,1,O(n),O(n),1,0.4563
u00002,15,stack_queue,stack_queue-6-26,6,medium,1343,1,0,1,O(n),O(n),1,0.5637
u00002,16,two_pointers,two_pointers-6-19,6,medium,859,3,0,0,O(n),O(n log n),0,0.4941
u00002,16,hashing,hashing-5-17,5,medium,646,2,0,0,O(n),O(n^2),0,0.3972
u00002,16,greedy,greedy-5-09,5,medium,465,1,0,1,O(n log n),O(n^2),0,0.3955
u00002,16,hashing,hashing-3-03,3,easy,401,1,0,1,O(n),O(n),1,0.4146
u00002,16,strings,strings-5-09,5,medium,963,3,2,1,O(n),O(n),1,0.3817
u00002,16,sliding_window,sliding_window-4-01,4,medium,730,1,0,1,O(n),O(n^2),0,0.3764
u00002,17,sorting,sorting-5-07,5,medium,987,4,1,0,O(n log n),O(n^2),0,0.3928
u00002,17,sliding_window,sliding_window-9-25,9,hard,2433,2,2,0,O(n),O(n^2),0,0.4192
u00002,17,strings,strings-4-03,4,medium,449,2,0,1,O(n),O(n log n),0,0.4056
u00002,17,sorting,sorting-5-30,5,medium,734,1,0,1,O(n log n),O(n log n),1,0.4068
u00002,17,hashing,hashing-5-02,5,medium,1491,1,0,1,O(n),O(n^2),0,0.4478
u00002,17,binary_search,binary_search-4-35,4,medium,290,1,0,1,O(log n),O(log n),1,0.5288
u00002,18,arrays,arrays-4-15,4,medium,876,1,0,1,O(n),O(n),1,0.4516
u00002,18,recursion,recursion-7-34,7,medium,1566,4,0,0,O(2^n),O(n!),0,0.3708
u00002,18,greedy,greedy-6-04,6,medium,818,1,0,0,O(n log n),O(n^2),0,0.434
u00002,18,strings,strings-6-09,6,medium,917,7,0,1,O(n),O(n),1,0.4448
u00002,20,strings,strings-6-09,6,medium,1590,4,1,1,O(n),O(n log n),0,0.4767
u00002,20,two_pointers,two_pointers-4-17,4,medium,1076,1,0,1,O(n),O(n),1,0.4973
u00002,21,sliding_window,sliding_window-6-21,6,medium,2005,1,0,0,O(n),O(n log n),0,0.4154
u00002,21,sorting,sorting-4-07,4,medium,1087,2,0,0,O(n log n),O(n^2),0,0.4401
u00002,21,stack_queue,stack_queue-7-29,7,medium,612,1,1,1,O(n),O(n log n),0,0.5776
u00002,22,hashing,hashing-5-09,5,medium,1246,3,0,0,O(n),O(n^2),0,0.4763
u00002,22,arrays,arrays-4-20,4,medium,648,1,0,1,O(n),O(n log n),0,0.4776
u00002,22,greedy,greedy-6-33,6,medium,1013,6,0,1,O(n log n),O(n log n),1,0.4392
u00002,22,linked_list,linked_list-5-06,5,medium,1280,3,0,1,O(n),O(n^2),0,0.511
u00002,22,linked_list,linked_list-6-38,6,medium,693,1,0,1,O(n),O(n),1,0.5456
u00002,23,sorting,sorting-3-02,3,easy,361,1,0,1,O(n log n),O(n log n),1,0.4501
u00002,23,sorting,sorting-3-20,3,easy,636,1,0,1,O(n log n),O(n^2),0,0.4823
u00002,23,sorting,sorting-3-20,3,easy,531,2,0,0,O(n log n),O(n^2),0,0.5113
u00002,23,stack_queue,stack_queue-5-38,5,medium,616,1,0,1,O(n),O(n),1,0.5941
u00002,23,greedy,greedy-5-14,5,medium,552,3,0,0,O(n log n),O(n^3),0,0.474
u00002,23,recursion,recursion-6-35,6,medium,673,5,2,0,O(2^n),O(n!),0,0.3757
u00002,24,strings,strings-6-21,6,medium,940,4,1,0,O(n),O(n^2),0,0.4948
u00002,24,hashing,hashing-6-12,6,medium,1145,1,2,1,O(n),O(n log n),0,0.4861
u00002,25,sliding_window,sliding_window-4-05,4,medium,871,2,0,0,O(n),O(n^2),0,0.4212
u00002,25,sliding_window,sliding_window-4-15,4,medium,767,1,0,1,O(n),O(n),1,0.4372
u00002,25,two_pointers,two_pointers-8-14,8,hard,663,1,3,0,O(n),O(n log n),0,0.5149
u00002,27,recursion,recursion-5-32,5,medium,913,1,0,1,O(2^n),O(n!),0,0.3779
u00002,27,greedy,greedy-3-01,3,easy,675,1,0,1,O(n log n),O(n log n),1,0.4787
u00002,27,sorting,sorting-5-19,5,medium,1701,1,0,1,O(n log n),O(n^2),0,0.5104
u00002,27,binary_search,binary_search-6-10,6,medium,610,1,0,1,O(log n),O(n log n),0,0.5303
u00002,27,greedy,greedy-5-30,5,medium,477,1,0,1,O(n log n),O(n log n),1,0.5081
u00002,29,dp,dp-3-28,3,easy,517,2,0,0,O(n^2),O(n^3),0,0.3997
u00002,29,sliding_window,sliding_window-7-14,7,medium,1307,2,0,0,O(n),O(n log n),0,0.465
u00002,29,trees,trees-3-34,3,easy,1027,1,0,1,O(n),O(n),1,0.3367
u00002,29,trees,trees-6-16,6,medium,1032,2,3,0,O(n),O(n log n),0,0.3812
u00002,29,binary_search,binary_search-9-24,9,hard,1382,1,0,1,O(log n),O(n),0,0.5585
u00002,29,hashing,hashing-7-23,7,medium,686,1,2,1,O(n),O(n),1,0.4942
u00002,29,hashing,hashing-2-09,2,easy,458,2,0,0,O(n),O(n log n),0,0.5132
u00002,30,linked_list,linked_list-6-33,6,medium,1159,1,0,0,O(n),O(n^2),0,0.5561
u00002,30,strings,strings-7-24,7,medium,1931,1,0,0,O(n),O(n log n),0,0.4903
u00002,30,stack_queue,stack_queue-4-31,4,medium,920,1,0,1,O(n),O(n),1,0.5978
u00002,30,sliding_window,sliding_window-6-32,6,medium,1407,3,1,1,O(n),O(n),1,0.4752
u00002,30,binary_search,binary_search-4-38,4,medium,738,1,0,1,O(log n),O(log n),1,0.5775
u00002,30,linked_list,linked_list-4-38,4,medium,809,1,0,1,O(n),O(n),1,0.5696
u00002,33,backtracking,backtracking-7-18,7,medium,1848,2,1,0,O(2^n),O(n!),0,0.3838
u00002,33,two_pointers,two_pointers-3-09,3,easy,545,1,0,1,O(n),O(n log n),0,0.5005
u00002,33,sliding_window,sliding_window-6-14,6,medium,845,1,1,1,O(n),O(n^2),0,0.496
u00002,33,sorting,sorting-6-14,6,medium,1082,1,0,1,O(n log n),O(n log n),1,0.5278
u00002,33,dp,dp-4-38,4,medium,1093,1,0,1,O(n^2),O(2^n),0,0.4056
u00002,33,dp,dp-4-28,4,medium,995,1,0,1,O(n^2),O(n^2),1,0.4474
u00002,33,arrays,arrays-4-20,4,medium,679,1,0,1,O(n),O(n),1,0.4844
u00002,35,strings,strings-4-19,4,medium,699,1,0,1,O(n),O(n),1,0.49
u00002,35,trees,trees-4-17,4,medium,636,5,0,0,O(n),O(n log n),0,0.3751
u00002,39,greedy,greedy-8-05,8,hard,1958,3,3,0,O(n log n),O(n^2),0,0.5123
u00002,39,linked_list,linked_list-4-27,4,medium,299,1,0,1,O(n),O(n),1,0.5678
u00002,40,strings,strings-6-34,6,medium,743,1,0,1,O(n),O(n),1,0.5086
u00002,40,dp,dp-7-03,7,medium,924,1,0,1,O(n^2),O(n^3),0,0.4669
u00002,40,sorting,sorting-7-29,7,medium,742,2,1,0,O(n log n),O(n^2),0,0.5422
u00002,40,hashing,hashing-8-26,8,hard,977,3,2,1,O(n),O(n log n),0,0.4944
u00002,40,sorting,sorting-9-22,9,hard,1758,2,2,0,O(n log n),O(n^3),0,0.5519
u00002,40,sliding_window,sliding_window-2-30,2,easy,590,1,0,1,O(n),O(n),1,0.5057
u00002,40,binary_search,binary_search-8-05,8,hard,1636,1,0,0,O(log n),O(n),0,0.5723
u00002,42,recursion,recursion-6-04,6,medium,1883,5,1,0,O(2^n),O(n!),0,0.3937
u00002,42,backtracking,backtracking-4-28,4,medium,541,1,0,1,O(2^n),O(n!),0,0.3768
u00002,43,trees,trees-4-36,4,medium,932,1,0,1,O(n),O(n log n),0,0.3773
u00002,43,strings,strings-7-15,7,medium,972,4,0,0,O(n),O(n log n),0,0.5349
u00002,43,arrays,arrays-8-11,8,hard,1113,3,2,0,O(n),O(n^2),0,0.4923
u00002,43,dp,dp-4-09,4,medium,472,2,0,1,O(n^2),O(n^2),1,0.4909
u00002,43,graphs,graphs-4-02,4,medium,524,2,0,0,O(V+E),O(V^2),0,0.3841
u00002,44,binary_search,binary_search-7-21,7,medium,1889,1,0,1,O(log n),O(n),0,0.5722
u00002,44,backtracking,backtracking-2-36,2,easy,309,1,0,1,O(2^n),O(2^n),1,0.4172
u00002,44,stack_queue,stack_queue-7-37,7,medium,1531,5,2,0,O(n),O(n^2),0,0.5807
u00002,46,trees,trees-3-27,3,easy,594,1,0,1,O(n),O(n),1,0.4153
u00002,46,backtracking,backtracking-5-30,5,medium,825,3,0,0,O(2^n),O(n!),0,0.4427
u00002,46,graphs,graphs-5-26,5,medium,765,1,2,1,O(V+E),O(V^3),0,0.3951
u00002,46,stack_queue,stack_queue-4-28,4,medium,787,1,0,1,O(n),O(n),1,0.5831
u00002,46,binary_search,binary_search-6-16,6,medium,736,1,0,1,O(log n),O(log n),1,0.5947
u00002,46,sorting,sorting-7-25,7,medium,549,1,3,1,O(n log n),O(n^2),0,0.5406
u00002,47,graphs,graphs-4-32,4,medium,652,3,0,0,O(V+E),O(V^3),0,0.4188
u00002,47,arrays,arrays-5-01,5,medium,946,1,0,1,O(n),O(n),1,0.4902
u00002,47,dp,dp-6-26,6,medium,973,2,0,0,O(n^2),O(n^3),0,0.5119
u00002,48,arrays,arrays-6-35,6,medium,687,1,0,1,O(n),O(n),1,0.524
u00002,48,trees,trees-5-14,5,medium,906,1,0,1,O(n),O(n^2),0,0.4459
u00002,50,heaps,heaps-1-26,1,easy,272,1,0,1,O(n log n),O(n log n),1,0.3284
u00002,50,strings,strings-5-20,5,medium,972,1,0,1,O(n),O(n),1,0.5273
u00002,52,recursion,recursion-3-32,3,easy,644,1,0,1,O(2^n),O(n!),0,0.3905
u00002,52,sorting,sorting-6-25,6,medium,964,1,0,1,O(n log n),O(n^2),0,0.5371
u00002,52,hashing,hashing-6-35,6,medium,1255,1,0,1,O(n),O(n),1,0.4856
u00002,52,sliding_window,sliding_window-4-35,4,medium,616,1,0,1,O(n),O(n),1,0.4985
u00002,52,recursion,recursion-4-02,4,medium,864,1,0,1,O(2^n),O(2^n),1,0.4289
u00002,52,arrays,arrays-4-39,4,medium,677,1,0,1,O(n),O(n),1,0.5467
u00002,52,strings,strings-6-35,6,medium,767,1,0,1,O(n),O(n^2),0,0.5538
u00002,55,graphs,graphs-3-02,3,easy,739,1,0,1,O(V+E),O(V+E),1,0.4172
u00002,55,greedy,greedy-8-01,8,hard,1615,2,0,0,O(n log n),O(n^2),0,0.4908
u00002,55,greedy,greedy-6-02,6,medium,1335,4,1,1,O(n log n),O(n log n),1,0.5018
u00002,55,stack_queue,stack_queue-8-38,8,hard,867,1,3,1,O(n),O(n),1,0.583
u00002,55,sliding_window,sliding_window-6-25,6,medium,636,1,0,1,O(n),O(n log n),0,0.5213
u00002,55,two_pointers,two_pointers-7-31,7,medium,1051,3,2,1,O(n),O(n log n),0,0.4825
u00002,55,stack_queue,stack_queue-8-22,8,hard,577,1,2,1,O(n),O(n log n),0,0.5932
u00002,56,graphs,graphs-5-10,5,medium,1312,1,0,0,O(V+E),O(V^3),0,0.4501
u00002,56,stack_queue,stack_queue-9-30,9,hard,1817,3,0,1,O(n),O(n^2),0,0.6051
u00002,56,hashing,hashing-4-40,4,medium,706,4,0,1,O(n),O(n),1,0.5104
u00002,56,recursion,recursion-4-40,4,medium,1045,5,0,1,O(2^n),O(n!),0,0.4578
u00002,56,hashing,hashing-9-23,9,hard,1304,2,0,0,O(n),O(n log n),0,0.5409
u00002,56,hashing,hashing-7-31,7,medium,934,1,0,0,O(n),O(n^2),0,0.55
u00002,60,backtracking,backtracking-3-01,3,easy,335,1,0,0,O(2^n),O(n!),0,0.4303
u00002,60,binary_search,binary_search-6-01,6,medium,593,2,0,1,O(log n),O(n log n),0,0.5845
u00002,61,sliding_window,sliding_window-3-13,3,easy,515,1,0,1,O(n),O(n),1,0.5387
u00002,61,linked_list,linked_list-10-25,10,hard,996,9,0,0,O(n),O(n^2),0,0.5421
u00002,61,linked_list,linked_list-5-14,5,medium,1219,1,0,1,O(n),O(n),1,0.5496
u00002,62,heaps,heaps-4-22,4,medium,694,1,0,1,O(n log n),O(n log n),1,0.342
u00002,62,backtracking,backtracking-6-38,6,medium,759,1,1,0,O(2^n),O(n!),0,0.4399
u00002,62,graphs,graphs-6-09,6,medium,1148,2,1,0,O(V+E),O(V^2),0,0.4519
u00002,64,recursion,recursion-3-17,3,easy,1196,1,0,1,O(2^n),O(2^n),1,0.4737
u00002,64,sliding_window,sliding_window-8-31,8,hard,1763,2,2,0,O(n),O(n log n),0,0.5532
u00002,64,hashing,hashing-4-40,4,medium,793,1,0,1,O(n),O(n),1,0.5392
u00002,66,binary_search,binary_search-6-18,6,medium,739,1,0,1,O(log n),O(n),0,0.5972
u00002,66,sorting,sorting-4-10,4,medium,514,1,0,1,O(n log n),O(n log n),1,0.5351
u00002,66,greedy,greedy-5-10,5,medium,801,1,0,1,O(n log n),O(n log n),1,0.5061
u00002,66,recursion,recursion-5-07,5,medium,1007,1,0,1,O(2^n),O(n!),0,0.4978
u00002,66,sorting,sorting-5-11,5,medium,664,1,0,1,O(n log n),O(n log n),1,0.5632
u00002,66,trees,trees-5-26,5,medium,1272,7,0,0,O(n),O(n^2),0,0.4506
u00002,66,sorting,sorting-4-18,4,medium,776,1,0,1,O(n log n),O(n log n),1,0.5923
u00002,71,heaps,heaps-6-11,6,medium,892,1,3,1,O(n log n),O(n^2),0,0.3739
u00002,71,dp,dp-6-23,6,medium,3067,1,2,1,O(n^2),O(n^2),1,0.4777
u00002,71,sliding_window,sliding_window-4-37,4,medium,498,1,0,1,O(n),O(n),1,0.5399
u00002,71,trees,trees-6-10,6,medium,1361,3,0,0,O(n),O(n log n),0,0.4577
u00002,71,trees,trees-8-15,8,hard,1192,1,3,1,O(n),O(n log n),0,0.4726
u00002,71,two_pointers,two_pointers-6-05,6,medium,984,2,0,1,O(n),O(n),1,0.4774
u00002,71,two_pointers,two_pointers-4-32,4,medium,642,1,0,1,O(n),O(n),1,0.5139
u00002,72,two_pointers,two_pointers-8-16,8,hard,1092,1,3,1,O(n),O(n^2),0,0.5409
u00002,72,heaps,heaps-7-09,7,medium,1745,8,1,1,O(n log n),O(n^2),0,0.3872
u00002,72,hashing,hashing-3-30,3,easy,259,1,0,1,O(n),O(n log n),0,0.5439
u00002,73,hashing,hashing-7-25,7,medium,1122,5,1,1,O(n),O(n^2),0,0.564
u00002,73,two_pointers,two_pointers-3-28,3,easy,553,1,0,1,O(n),O(n),1,0.5483
u00002,73,two_pointers,two_pointers-6-23,6,medium,1273,1,0,1,O(n),O(n^2),0,0.5714
u00002,73,strings,strings-5-29,5,medium,766,1,0,0,O(n),O(n^2),0,0.5379
u00002,73,strings,strings-6-22,6,medium,586,1,0,1,O(n),O(n log n),0,0.5506
u00002,75,sorting,sorting-7-01,7,medium,1136,1,1,1,O(n log n),O(n^2),0,0.5876
u00002,75,sliding_window,sliding_window-6-12,6,medium,951,1,0,0,O(n),O(n log n),0,0.5551
u00002,75,heaps,heaps-6-07,6,medium,611,1,0,0,O(n log n),O(n^2),0,0.407
u00002,75,graphs,graphs-4-37,4,medium,678,1,0,1,O(V+E),O(V^2),0,0.4369
u00002,75,heaps,heaps-6-33,6,medium,922,1,1,0,O(n log n),O(n^2),0,0.4223
u00002,76,greedy,greedy-4-32,4,medium,661,1,0,1,O(n log n),O(n log n),1,0.5152
u00002,76,stack_queue,stack_queue-7-40,7,medium,999,5,2,0,O(n),O(n^2),0,0.5752
u00002,76,binary_search,binary_search-6-07,6,medium,568,1,0,1,O(log n),O(n log n),0,0.5958
u00002,76,recursion,recursion-7-34,7,medium,1041,2,0,1,O(2^n),O(n!),0,0.5077
u00002,76,arrays,arrays-9-11,9,hard,1464,1,2,1,O(n),O(n log n),0,0.521
u00002,76,arrays,arrays-7-39,7,medium,1002,1,2,1,O(n),O(n log n),0,0.5348
u00002,77,hashing,hashing-5-30,5,medium,1242,3,0,1,O(n),O(n),1,0.5749
u00002,77,linked_list,linked_list-6-05,6,medium,941,1,0,0,O(n),O(n log n),0,0.5451
u00002,77,backtracking,backtracking-5-30,5,medium,597,2,0,0,O(2^n),O(n!),0,0.4245
u00002,77,backtracking,backtracking-3-24,3,easy,854,1,0,1,O(2^n),O(2^n),1,0.4416
u00002,78,backtracking,backtracking-6-20,6,medium,799,1,0,1,O(2^n),O(n!),0,0.4719
u00002,78,sorting,sorting-4-04,4,medium,665,1,0,1,O(n log n),O(n log n),1,0.6009
u00002,79,strings,strings-3-14,3,easy,697,1,0,1,O(n),O(n),1,0.5665
u00002,79,two_pointers,two_pointers-7-30,7,medium,1558,1,0,1,O(n),O(n^2),0,0.5842
u00002,79,linked_list,linked_list-6-29,6,medium,965,1,0,1,O(n),O(n log n),0,0.5547
u00002,79,heaps,heaps-5-17,5,medium,1302,1,0,1,O(n log n),O(n^2),0,0.4249
u00002,79,heaps,heaps-5-05,5,medium,888,3,0,0,O(n log n),O(n^2),0,0.4677
u00002,79,hashing,hashing-7-02,7,medium,783,1,0,1,O(n),O(n log n),0,0.596
u00002,79,backtracking,backtracking-7-24,7,medium,1058,1,1,1,O(2^n),O(n!),0,0.5056
u00002,84,stack_queue,stack_queue-6-21,6,medium,979,1,0,1,O(n),O(n^2),0,0.5688
u00002,84,graphs,graphs-3-01,3,easy,287,1,0,1,O(V+E),O(V+E),1,0.4538
u00002,84,stack_queue,stack_queue-6-09,6,medium,980,1,0,1,O(n),O(n log n),0,0.601
u00002,87,trees,trees-5-30,5,medium,801,1,0,1,O(n),O(n),1,0.4514
u00002,87,strings,strings-6-14,6,medium,540,1,0,0,O(n),O(n^2),0,0.5642
u00002,87,recursion,recursion-2-33,2,easy,403,1,0,1,O(2^n),O(2^n),1,0.5106
u00002,87,graphs,graphs-6-30,6,medium,1277,4,1,1,O(V+E),O(V^2),0,0.4775
u00002,87,linked_list,linked_list-5-23,5,medium,453,1,0,1,O(n),O(n),1,0.5659
u00002,87,heaps,heaps-6-32,6,medium,964,1,2,0,O(n log n),O(n^3),0,0.4638
u00002,87,heaps,heaps-5-08,5,medium,946,1,0,1,O(n log n),O(n log n),1,0.4726
u00002,88,sliding_window,sliding_window-7-38,7,medium,1457,1,0,0,O(n),O(n^2),0,0.5343
u00002,88,strings,strings-8-24,8,hard,2889,3,0,0,O(n),O(n log n),0,0.5743
u00002,88,hashing,hashing-7-02,7,medium,806,1,1,0,O(n),O(n log n),0,0.5964
u00002,88,hashing,hashing-6-21,6,medium,1701,6,0,0,O(n),O(n^2),0,0.6055
u00002,89,heaps,heaps-4-19,4,medium,523,1,0,1,O(n log n),O(n log n),1,0.5056
u00002,89,heaps,heaps-6-12,6,medium,1375,1,0,0,O(n log n),O(n^2),0,0.5366
u00002,89,two_pointers,two_pointers-6-32,6,medium,539,1,0,1,O(n),O(n^2),0,0.5831
u00002,89,binary_search,binary_search-4-38,4,medium,787,1,0,1,O(log n),O(log n),1,0.588
u00002,89,arrays,arrays-10-37,10,hard,1591,5,0,0,O(n),O(n log n),0,0.5269
u00003,4,arrays,arrays-3-27,3,easy,358,1,0,1,O(n),O(n^2),0,0.1972
u00003,4,arrays,arrays-3-12,3,easy,273,1,0,1,O(n),O(n),1,0.2833
u00003,4,arrays,arrays-3-35,3,easy,349,1,0,1,O(n),O(n),1,0.3573
u00003,4,stack_queue,stack_queue-1-31,1,easy,227,1,0,1,O(n),O(n),1,0.2023
u00003,4,stack_queue,stack_queue-1-26,1,easy,328,1,0,1,O(n),O(n),1,0.2723
u00003,5,sorting,sorting-1-19,1,easy,398,3,0,0,O(n log n),O(n^2),0,0.0957
u00003,5,hashing,hashing-4-20,4,medium,414,2,2,1,O(n),O(n log n),0,0.1862
u00003,5,recursion,recursion-5-20,5,medium,915,1,0,0,O(2^n),O(n!),0,0.1067
u00003,5,recursion,recursion-3-19,3,easy,539,1,0,1,O(2^n),O(n!),0,0.1327
u00003,5,linked_list,linked_list-5-11,5,medium,551,1,3,1,O(n),O(n log n),0,0.1795
u00003,8,recursion,recursion-1-08,1,easy,101,1,0,1,O(2^n),O(2^n),1,0.2179
u00003,8,hashing,hashing-6-11,6,medium,814,5,1,0,O(n),O(n log n),0,0.2303
u00003,8,arrays,arrays-5-24,5,medium,484,1,0,1,O(n),O(n),1,0.4142
u00003,8,linked_list,linked_list-5-38,5,medium,466,3,2,0,O(n),O(n log n),0,0.2044
u00003,8,sorting,sorting-3-36,3,easy,596,2,0,1,O(n log n),O(n^2),0,0.1307
u00003,8,strings,strings-4-40,4,medium,625,3,2,0,O(n),O(n log n),0,0.1816
u00003,8,linked_list,linked_list-3-19,3,easy,263,1,0,1,O(n),O(n),1,0.2204
u00003,12,hashing,hashing-2-13,2,easy,422,1,0,1,O(n),O(n^2),0,0.246
u00003,12,recursion,recursion-5-34,5,medium,842,4,0,0,O(2^n),O(n!),0,0.2823
u00003,12,strings,strings-1-33,1,easy,464,1,0,1,O(n),O(n),1,0.1979
u00003,12,strings,strings-1-30,1,easy,201,1,0,1,O(n),O(n),1,0.2687
u00003,12,arrays,arrays-5-24,5,medium,777,3,0,0,O(n),O(n log n),0,0.4719
u00003,16,arrays,arrays-5-21,5,medium,793,2,0,1,O(n),O(n^2),0,0.4895
u00003,16,recursion,recursion-2-09,2,easy,221,1,0,1,O(2^n),O(n!),0,0.3056
u00003,20,two_pointers,two_pointers-3-35,3,easy,636,1,1,1,O(n),O(n),1,0.1619
u00003,20,recursion,recursion-4-08,4,medium,439,1,0,1,O(2^n),O(n!),0,0.3634
u00003,21,dp,dp-3-39,3,easy,268,1,3,1,O(n^2),O(n^2),1,0.1654
u00003,21,two_pointers,two_pointers-2-12,2,easy,398,1,0,1,O(n),O(n),1,0.2306
u00003,21,stack_queue,stack_queue-5-14,5,medium,588,3,0,1,O(n),O(n log n),0,0.3179
u00003,21,arrays,arrays-6-22,6,medium,634,1,0,1,O(n),O(n),1,0.5364
u00003,21,hashing,hashing-3-40,3,easy,493,2,0,0,O(n),O(n log n),0,0.3109
u00003,21,backtracking,backtracking-1-32,1,easy,282,1,0,1,O(2^n),O(n!),0,0.0718
u00003,21,stack_queue,stack_queue-5-39,5,medium,868,3,0,0,O(n),O(n^2),0,0.3834
u00003,25,sorting,sorting-6-38,6,medium,645,4,3,0,O(n log n),O(n^3),0,0.2092
u00003,25,backtracking,backtracking-4-19,4,medium,491,3,1,0,O(2^n),O(n!),0,0.1649
u00003,25,stack_queue,stack_queue-4-19,4,medium,441,3,0,1,O(n),O(n log n),0,0.4048
u00003,25,sorting,sorting-5-27,5,medium,680,3,1,0,O(n log n),O(n^3),0,0.2183
u00003,25,dp,dp-1-31,1,easy,178,1,0,1,O(n^2),O(n^2),1,0.198
u00003,25,recursion,recursion-4-19,4,medium,201,1,0,1,O(2^n),O(2^n),1,0.426
u00003,27,arrays,arrays-5-40,5,medium,369,1,0,1,O(n),O(n log n),0,0.5777
u00003,27,strings,strings-6-12,6,medium,695,1,0,0,O(n),O(n log n),0,0.3162
u00003,27,strings,strings-4-01,4,medium,338,1,0,1,O(n),O(n log n),0,0.3391
u00003,27,backtracking,backtracking-2-18,2,easy,342,1,0,1,O(2^n),O(2^n),1,0.1884
u00003,27,backtracking,backtracking-4-35,4,medium,758,1,0,1,O(2^n),O(n!),0,0.2707
u00003,30,sorting,sorting-2-03,2,easy,470,2,0,0,O(n log n),O(n^2),0,0.2366
u00003,30,recursion,recursion-6-33,6,medium,345,1,2,0,O(2^n),O(n!),0,0.4772
u00003,31,strings,strings-6-36,6,medium,887,2,0,0,O(n),O(n log n),0,0.4073
u00003,31,recursion,recursion-4-39,4,medium,500,2,0,1,O(2^n),O(2^n),1,0.4887
u00003,31,sorting,sorting-4-27,4,medium,597,1,0,1,O(n log n),O(n log n),1,0.2653
u00003,31,strings,strings-3-35,3,easy,656,1,0,1,O(n),O(n),1,0.4295
u00003,31,hashing,hashing-5-27,5,medium,439,1,3,1,O(n),O(n log n),0,0.3304
u00003,31,strings,strings-6-08,6,medium,606,1,1,1,O(n),O(n),1,0.4792
u00003,32,strings,strings-4-08,4,medium,897,1,0,0,O(n),O(n log n),0,0.5202
u00003,32,stack_queue,stack_queue-5-28,5,medium,302,1,0,0,O(n),O(n^2),0,0.4576
u00003,32,linked_list,linked_list-5-26,5,medium,929,1,0,1,O(n),O(n),1,0.2904
u00003,34,two_pointers,two_pointers-4-02,4,medium,742,1,0,1,O(n),O(n log n),0,0.2959
u00003,34,dp,dp-4-03,4,medium,759,1,0,0,O(n^2),O(n^3),0,0.2629
u00003,34,stack_queue,stack_queue-6-37,6,medium,608,1,0,1,O(n),O(n log n),0,0.4787
u00003,34,hashing,hashing-5-31,5,medium,704,8,0,0,O(n),O(n log n),0,0.3538
u00003,34,dp,dp-5-01,5,medium,1014,7,0,0,O(n^2),O(n^3),0,0.293
u00003,34,two_pointers,two_pointers-5-34,5,medium,882,1,0,1,O(n),O(n log n),0,0.3704
u00003,34,sorting,sorting-4-40,4,medium,410,3,0,0,O(n log n),O(n^2),0,0.338
u00003,35,hashing,hashing-4-39,4,medium,315,1,0,1,O(n),O(n),1,0.3787
u00003,35,stack_queue,stack_queue-6-32,6,medium,826,1,0,1,O(n),O(n log n),0,0.5302
u00003,37,sliding_window,sliding_window-1-27,1,easy,222,1,0,1,O(n),O(n log n),0,0.2522
u00003,37,arrays,arrays-10-07,10,hard,1219,3,2,0,O(n),O(n log n),0,0.6032
u00003,37,sorting,sorting-3-09,3,easy,308,1,0,0,O(n log n),O(n^2),0,0.3642
u00003,37,backtracking,backtracking-3-16,3,easy,343,1,0,1,O(2^n),O(2^n),1,0.3377
u00003,37,strings,strings-5-19,5,medium,674,1,0,1,O(n),O(n),1,0.5307
u00003,37,linked_list,linked_list-4-30,4,medium,429,1,0,1,O(n),O(n log n),0,0.3519
u00003,37,linked_list,linked_list-5-12,5,medium,585,7,0,1,O(n),O(n),1,0.4219
u00003,46,sliding_window,sliding_window-2-23,2,easy,310,1,0,1,O(n),O(n),1,0.3069
u00003,46,strings,strings-6-36,6,medium,447,1,0,1,O(n),O(n^2),0,0.5653
u00003,50,sorting,sorting-3-21,3,easy,485,1,0,1,O(n log n),O(n^3),0,0.3765
u00003,50,trees,trees-3-04,3,easy,395,3,2,0,O(n),O(n log n),0,0.0755
u00003,54,hashing,hashing-4-31,4,medium,379,1,0,0,O(n),O(n^2),0,0.4253
u00003,54,arrays,arrays-4-10,4,medium,404,1,0,1,O(n),O(n),1,0.5881
u00003,54,dp,dp-4-21,4,medium,429,1,0,1,O(n^2),O(n^3),0,0.3054
u00003,54,binary_search,binary_search-2-11,2,easy,272,1,0,1,O(log n),O(n),0,0.169
u00003,54,binary_search,binary_search-2-31,2,easy,259,1,0,0,O(log n),O(n log n),0,0.2551
u00003,55,greedy,greedy-2-16,2,easy,375,1,0,1,O(n log n),O(n log n),1,0.1676
u00003,55,dp,dp-5-40,5,medium,626,1,1,1,O(n^2),O(n^3),0,0.3787
u00003,55,linked_list,linked_list-5-40,5,medium,560,1,0,1,O(n),O(n),1,0.4646
u00003,56,recursion,recursion-4-04,4,medium,245,1,0,1,O(2^n),O(2^n),1,0.5079
u00003,56,linked_list,linked_list-4-24,4,medium,438,1,0,1,O(n),O(n),1,0.5209
u00003,56,two_pointers,two_pointers-4-02,4,medium,1128,1,0,1,O(n),O(n),1,0.4139
u00003,57,two_pointers,two_pointers-4-40,4,medium,601,6,0,1,O(n),O(n),1,0.4719
u00003,57,arrays,arrays-7-07,7,medium,692,1,0,1,O(n),O(n log n),0,0.6171
u00003,57,greedy,greedy-3-15,3,easy,872,10,0,0,O(n log n),O(n^2),0,0.2526
u00003,57,dp,dp-5-20,5,medium,893,1,0,1,O(n^2),O(n^2),1,0.4276
u00003,57,two_pointers,two_pointers-6-24,6,medium,1273,1,0,1,O(n),O(n),1,0.522
u00003,63,sliding_window,sliding_window-3-24,3,easy,231,1,0,1,O(n),O(n),1,0.3541
u00003,63,arrays,arrays-7-11,7,medium,646,1,0,0,O(n),O(n^2),0,0.6474
u00003,70,trees,trees-1-28,1,easy,509,5,0,1,O(n),O(n),1,0.0921
u00003,70,binary_search,binary_search-3-03,3,easy,404,3,0,1,O(log n),O(log n),1,0.2729
u00003,70,linked_list,linked_list-5-33,5,medium,700,4,0,1,O(n),O(n),1,0.5455
u00003,76,two_pointers,two_pointers-6-32,6,medium,676,1,0,1,O(n),O(n log n),0,0.5487
u00003,76,greedy,greedy-2-25,2,easy,227,1,0,1,O(n log n),O(n^3),0,0.2726
u00003,76,stack_queue,stack_queue-2-12,2,easy,195,1,0,1,O(n),O(n),1,0.5363
u00003,76,greedy,greedy-5-17,5,medium,495,1,0,0,O(n log n),O(n^2),0,0.3396
u00003,76,recursion,recursion-5-12,5,medium,305,1,0,1,O(2^n),O(2^n),1,0.5284
u00003,76,arrays,arrays-6-25,6,medium,628,1,0,1,O(n),O(n^2),0,0.6426
u00003,76,binary_search,binary_search-5-39,5,medium,356,2,0,0,O(log n),O(n),0,0.3436
u00003,77,binary_search,binary_search-3-07,3,easy,375,1,0,1,O(log n),O(log n),1,0.3687
u00003,77,strings,strings-6-21,6,medium,611,3,0,0,O(n),O(n log n),0,0.5745
u00003,77,trees,trees-4-10,4,medium,460,1,1,1,O(n),O(n),1,0.1796
u00003,77,two_pointers,two_pointers-6-33,6,medium,799,1,0,1,O(n),O(n^2),0,0.5964
u00003,77,recursion,recursion-6-22,6,medium,450,1,0,1,O(2^n),O(n!),0,0.5744
u00003,77,stack_queue,stack_queue-6-39,6,medium,532,1,0,0,O(n),O(n^2),0,0.5644
u00003,79,sorting,sorting-6-26,6,medium,1086,2,0,0,O(n log n),O(n^2),0,0.4087
u00003,79,trees,trees-3-38,3,easy,755,2,0,1,O(n),O(n),1,0.2394
u00003,79,greedy,greedy-2-17,2,easy,522,1,0,1,O(n log n),O(n^2),0,0.3629
u00003,79,trees,trees-8-35,8,hard,866,10,2,0,O(n),O(n log n),0,0.3216
u00003,79,hashing,hashing-4-33,4,medium,403,5,0,0,O(n),O(n log n),0,0.4246
u00003,80,arrays,arrays-8-22,8,hard,1550,3,1,1,O(n),O(n),1,0.6717
u00003,80,trees,trees-2-33,2,easy,459,1,0,1,O(n),O(n),1,0.3305
u00003,80,recursion,recursion-7-05,7,medium,634,7,0,1,O(2^n),O(n!),0,0.6156
u00003,80,dp,dp-4-28,4,medium,448,1,0,1,O(n^2),O(n^2),1,0.4653
u00003,80,linked_list,linked_list-7-06,7,medium,366,1,1,1,O(n),O(n),1,0.5764
u00003,80,hashing,hashing-4-39,4,medium,699,1,0,1,O(n),O(n log n),0,0.4465
u00003,80,sorting,sorting-7-36,7,medium,1520,6,0,0,O(n log n),O(n^2),0,0.4299
u00003,84,two_pointers,two_pointers-8-27,8,hard,918,2,0,0,O(n),O(n log n),0,0.6281
u00003,84,greedy,greedy-5-21,5,medium,792,6,0,0,O(n log n),O(n^3),0,0.4101
u00003,84,trees,trees-4-21,4,medium,349,1,0,1,O(n),O(n log n),0,0.3841
u00003,84,hashing,hashing-4-31,4,medium,436,1,0,1,O(n),O(n),1,0.4954
u00003,84,backtracking,backtracking-8-23,8,hard,999,3,0,0,O(2^n),O(n!),0,0.3685
u00003,84,arrays,arrays-8-03,8,hard,1568,10,0,1,O(n),O(n),1,0.6905
u00003,84,graphs,graphs-1-19,1,easy,245,1,0,1,O(V+E),O(V+E),1,0.0809
u00003,89,two_pointers,two_pointers-9-07,9,hard,732,3,0,0,O(n),O(n log n),0,0.634
u00003,89,stack_queue,stack_queue-7-16,7,medium,928,1,3,1,O(n),O(n^2),0,0.567
u00003,89,binary_search,binary_search-6-19,6,medium,1628,10,0,0,O(log n),O(n),0,0.4159
u00003,89,trees,trees-3-05,3,easy,327,1,0,1,O(n),O(n log n),0,0.4428
u00004,4,arrays,arrays-1-38,1,easy,402,1,0,1,O(n),O(n),1,0.0348
u00004,4,arrays,arrays-1-19,1,easy,206,1,0,1,O(n),O(n log n),0,0.1436
u00004,4,arrays,arrays-1-11,1,easy,185,1,0,1,O(n),O(n),1,0.2292
u00004,4,arrays,arrays-5-18,5,medium,1285,5,1,1,O(n),O(n log n),0,0.2986
u00004,4,arrays,arrays-3-29,3,easy,597,1,0,1,O(n),O(n log n),0,0.3546
u00004,4,strings,strings-1-26,1,easy,261,1,0,0,O(n),O(n log n),0,0.0709
u00004,5,hashing,hashing-2-19,2,easy,570,4,0,1,O(n),O(n log n),0,0.0122
u00004,5,sorting,sorting-1-12,1,easy,187,1,0,1,O(n log n),O(n log n),1,0.046
u00004,6,linked_list,linked_list-1-36,1,easy,230,1,0,1,O(n),O(n),1,0.0463
u00004,6,hashing,hashing-2-13,2,easy,887,1,0,0,O(n),O(n log n),0,0.1157
u00004,6,stack_queue,stack_queue-1-33,1,easy,223,1,0,1,O(n),O(n log n),0,0.0561
u00004,6,strings,strings-3-31,3,easy,420,1,0,1,O(n),O(n^2),0,0.1103
u00004,6,two_pointers,two_pointers-4-33,4,medium,428,1,3,1,O(n),O(n^2),0,0.0589
u00004,6,arrays,arrays-6-25,6,medium,579,1,3,1,O(n),O(n^2),0,0.4165
u00004,9,stack_queue,stack_queue-6-35,6,medium,802,1,1,1,O(n),O(n log n),0,0.1582
u00004,9,two_pointers,two_pointers-4-28,4,medium,543,3,0,0,O(n),O(n log n),0,0.0897
u00004,9,linked_list,linked_list-5-36,5,medium,1033,1,3,1,O(n),O(n log n),0,0.1507
u00004,9,two_pointers,two_pointers-4-34,4,medium,956,10,3,0,O(n),O(n log n),0,0.1219
u00004,9,two_pointers,two_pointers-2-25,2,easy,609,1,0,1,O(n),O(n^2),0,0.1348
u00004,10,two_pointers,two_pointers-2-03,2,easy,417,1,0,1,O(n),O(n^2),0,0.2325
u00004,10,linked_list,linked_list-1-04,1,easy,591,2,0,0,O(n),O(n^2),0,0.178
u00004,10,recursion,recursion-1-24,1,easy,378,3,0,0,O(2^n),O(n!),0,0.0132
u00004,10,recursion,recursion-1-40,1,easy,279,1,0,0,O(2^n),O(n!),0,0.0587
u00004,10,stack_queue,stack_queue-2-19,2,easy,572,1,0,0,O(n),O(n log n),0,0.2048
u00004,10,strings,strings-2-20,2,easy,447,1,0,1,O(n),O(n),1,0.1994
u00004,11,sorting,sorting-1-11,1,easy,330,1,0,1,O(n log n),O(n^2),0,0.1488
u00004,11,arrays,arrays-2-23,2,easy,255,1,0,1,O(n),O(n),1,0.4314
u00004,11,linked_list,linked_list-1-12,1,easy,171,1,0,1,O(n),O(n),1,0.2087
u00004,11,linked_list,linked_list-5-19,5,medium,470,2,0,0,O(n),O(n^2),0,0.2818
u00004,11,strings,strings-5-11,5,medium,582,6,0,0,O(n),O(n log n),0,0.2835
u00004,14,strings,strings-4-38,4,medium,762,1,0,0,O(n),O(n log n),0,0.3078
u00004,14,hashing,hashing-2-15,2,easy,663,1,0,1,O(n),O(n),1,0.1521
u00004,14,strings,strings-5-37,5,medium,1092,3,1,0,O(n),O(n log n),0,0.3393
u00004,14,strings,strings-5-10,5,medium,1067,7,2,1,O(n),O(n^2),0,0.3614
u00004,14,hashing,hashing-4-20,4,medium,283,1,2,0,O(n),O(n log n),0,0.2471
u00004,16,recursion,recursion-1-29,1,easy,264,1,0,1,O(2^n),O(2^n),1,0.0977
u00004,16,recursion,recursion-3-30,3,easy,519,2,0,1,O(2^n),O(n!),0,0.1928
u00004,16,stack_queue,stack_queue-1-29,1,easy,113,1,0,1,O(n),O(n),1,0.2329
u00004,16,strings,strings-9-22,9,hard,890,3,3,0,O(n),O(n log n),0,0.3991
u00004,16,sorting,sorting-2-24,2,easy,467,1,0,1,O(n log n),O(n log n),1,0.2288
u00004,17,recursion,recursion-2-27,2,easy,428,1,0,1,O(2^n),O(n!),0,0.2831
u00004,17,two_pointers,two_pointers-3-38,3,easy,643,1,0,1,O(n),O(n log n),0,0.3029
u00004,17,two_pointers,two_pointers-7-17,7,medium,2292,5,0,0,O(n),O(n log n),0,0.3778
u00004,17,linked_list,linked_list-3-36,3,easy,322,1,0,1,O(n),O(n),1,0.3027
u00004,17,hashing,hashing-3-38,3,easy,343,1,0,0,O(n),O(n log n),0,0.2631
u00004,17,linked_list,linked_list-5-36,5,medium,732,1,0,0,O(n),O(n^2),0,0.3776
u00004,17,recursion,recursion-5-28,5,medium,899,4,0,1,O(2^n),O(n!),0,0.3524
u00004,18,stack_queue,stack_queue-6-17,6,medium,807,2,1,1,O(n),O(n log n),0,0.2992
u00004,18,recursion,recursion-5-05,5,medium,856,7,0,1,O(2^n),O(2^n),1,0.4193
u00004,18,dp,dp-2-15,2,easy,728,4,0,0,O(n^2),O(n^3),0,0.0719
u00004,19,recursion,recursion-5-35,5,medium,334,1,0,1,O(2^n),O(2^n),1,0.4834
u00004,19,linked_list,linked_list-5-18,5,medium,771,1,0,1,O(n),O(n log n),0,0.4014
u00004,19,hashing,hashing-2-09,2,easy,324,1,0,1,O(n),O(n log n),0,0.2937
u00004,19,trees,trees-2-18,2,easy,321,1,0,1,O(n),O(n log n),0,0.0049
u00004,19,backtracking,backtracking-2-27,2,easy,460,1,2,1,O(2^n),O(2^n),1,0.0129
u00004,19,trees,trees-2-07,2,easy,531,4,0,1,O(n),O(n log n),0,0.1087
u00004,19,dp,dp-1-15,1,easy,430,1,0,1,O(n^2),O(n^2),1,0.1131
u00004,22,recursion,recursion-5-38,5,medium,535,1,0,1,O(2^n),O(2^n),1,0.5349
u00004,22,two_pointers,two_pointers-3-17,3,easy,498,1,0,1,O(n),O(n),1,0.3906
u00004,22,stack_queue,stack_queue-6-35,6,medium,624,2,2,1,O(n),O(n^2),0,0.3423
u00004,22,backtracking,backtracking-1-35,1,easy,226,1,0,1,O(2^n),O(2^n),1,0.0744
u00004,22,hashing,hashing-4-25,4,medium,332,1,0,0,O(n),O(n^2),0,0.3568
u00004,22,dp,dp-3-38,3,easy,460,1,0,1,O(n^2),O(n^3),0,0.2025
u00004,22,recursion,recursion-7-08,7,medium,384,1,2,1,O(2^n),O(n!),0,0.5843
u00004,23,linked_list,linked_list-5-05,5,medium,577,4,0,1,O(n),O(n),1,0.4608
u00004,23,dp,dp-4-26,4,medium,820,1,0,1,O(n^2),O(n^3),0,0.2926
u00004,23,backtracking,backtracking-1-12,1,easy,231,1,0,1,O(2^n),O(2^n),1,0.1737
u00004,23,backtracking,backtracking-7-20,7,medium,893,1,0,0,O(2^n),O(n!),0,0.2534
u00004,23,strings,strings-5-12,5,medium,734,1,3,1,O(n),O(n log n),0,0.394
u00004,23,arrays,arrays-6-03,6,medium,700,1,3,1,O(n),O(n),1,0.4561
u00004,26,trees,trees-5-21,5,medium,1260,1,3,1,O(n),O(n log n),0,0.2069
u00004,26,sorting,sorting-5-05,5,medium,600,1,3,1,O(n log n),O(n log n),1,0.297
u00004,26,sorting,sorting-4-27,4,medium,475,1,0,1,O(n log n),O(n log n),1,0.325
u00004,26,binary_search,binary_search-2-33,2,easy,430,1,0,0,O(log n),O(n log n),0,0.0153
u00004,26,strings,strings-4-33,4,medium,548,1,0,1,O(n),O(n log n),0,0.4158
u00004,26,trees,trees-2-17,2,easy,433,1,0,1,O(n),O(n),1,0.2351
u00004,27,two_pointers,two_pointers-9-16,9,hard,1410,2,2,0,O(n),O(n log n),0,0.441
u00004,27,stack_queue,stack_queue-5-16,5,medium,714,1,1,1,O(n),O(n),1,0.3711
u00004,27,backtracking,backtracking-2-33,2,easy,240,1,0,1,O(2^n),O(2^n),1,0.2695
u00004,27,trees,trees-3-28,3,easy,509,1,0,1,O(n),O(n log n),0,0.3121
u00004,27,strings,strings-5-39,5,medium,588,1,0,1,O(n),O(n^2),0,0.4764
u00004,28,trees,trees-7-37,7,medium,726,2,0,1,O(n),O(n^2),0,0.3836
u00004,28,heaps,heaps-2-05,2,easy,253,1,0,1,O(n log n),O(n log n),1,0.0214
u00004,28,strings,strings-3-39,3,easy,372,1,0,1,O(n),O(n),1,0.5334
u00004,28,hashing,hashing-4-06,4,medium,804,1,0,0,O(n),O(n log n),0,0.3771
u00004,29,hashing,hashing-7-37,7,medium,811,2,2,0,O(n),O(n log n),0,0.4033
u00004,29,greedy,greedy-2-05,2,easy,474,1,3,1,O(n log n),O(n log n),1,0.0479
u00004,29,trees,trees-3-08,3,easy,369,1,0,1,O(n),O(n),1,0.4334
u00004,29,backtracking,backtracking-5-36,5,medium,1085,1,3,1,O(2^n),O(n!),0,0.3385
u00004,29,heaps,heaps-1-11,1,easy,236,1,0,0,O(n log n),O(n^3),0,0.1249
u00004,29,graphs,graphs-3-32,3,easy,977,2,3,0,O(V+E),O(V^2),0,0.0082
u00004,30,dp,dp-5-12,5,medium,594,1,3,1,O(n^2),O(n^2),1,0.3619
u00004,30,sorting,sorting-2-16,2,easy,329,1,0,1,O(n log n),O(n log n),1,0.3967
u00004,30,heaps,heaps-3-28,3,easy,475,1,2,1,O(n log n),O(n^2),0,0.16
u00004,31,graphs,graphs-3-22,3,easy,1388,2,2,0,O(V+E),O(V^2),0,0.0225
u00004,31,linked_list,linked_list-2-12,2,easy,346,1,0,1,O(n),O(n),1,0.507
u00004,31,binary_search,binary_search-2-20,2,easy,491,1,2,1,O(log n),O(log n),1,0.0558
u00004,33,graphs,graphs-2-28,2,easy,306,1,2,1,O(V+E),O(V^2),0,0.0441
u00004,33,sorting,sorting-7-38,7,medium,1212,5,0,1,O(n log n),O(n^3),0,0.4417
u00004,34,sliding_window,sliding_window-2-14,2,easy,340,1,1,1,O(n),O(n log n),0,0.032
u00004,34,greedy,greedy-2-12,2,easy,556,3,0,0,O(n log n),O(n^2),0,0.0878
u00004,34,hashing,hashing-3-28,3,easy,701,1,0,1,O(n),O(n),1,0.4075
u00004,34,binary_search,binary_search-1-12,1,easy,320,1,0,1,O(log n),O(log n),1,0.1169
u00004,34,binary_search,binary_search-4-40,4,medium,624,2,1,0,O(log n),O(n),0,0.208
u00004,34,heaps,heaps-2-30,2,easy,482,1,0,1,O(n log n),O(n^3),0,0.2118
u00004,35,binary_search,binary_search-2-33,2,easy,401,1,0,1,O(log n),O(log n),1,0.2329
u00004,35,binary_search,binary_search-3-30,3,easy,568,1,0,0,O(log n),O(n),0,0.3115
u00004,35,sliding_window,sliding_window-1-35,1,easy,313,1,0,1,O(n),O(n),1,0.1148
u00004,35,stack_queue,stack_queue-2-33,2,easy,351,1,0,1,O(n),O(n),1,0.4128
u00004,35,binary_search,binary_search-6-25,6,medium,969,4,2,0,O(log n),O(n),0,0.3408
u00004,36,sliding_window,sliding_window-2-34,2,easy,475,1,0,1,O(n),O(n log n),0,0.2055
u00004,36,greedy,greedy-3-04,3,easy,421,1,1,0,O(n log n),O(n^3),0,0.1284
u00004,36,dp,dp-3-05,3,easy,271,1,0,1,O(n^2),O(n^2),1,0.3802
u00004,36,binary_search,binary_search-7-09,7,medium,666,3,1,1,O(log n),O(n),0,0.3539
u00004,36,binary_search,binary_search-7-12,7,medium,1249,5,3,1,O(log n),O(n log n),0,0.3953
u00004,36,two_pointers,two_pointers-3-33,3,easy,450,1,0,1,O(n),O(n),1,0.4346
u00004,37,hashing,hashing-5-01,5,medium,634,1,0,0,O(n),O(n log n),0,0.4582
u00004,37,graphs,graphs-2-28,2,easy,843,4,0,0,O(V+E),O(V^3),0,0.1049
u00004,37,sliding_window,sliding_window-1-06,1,easy,198,1,0,1,O(n),O(n),1,0.2883
u00004,38,graphs,graphs-2-28,2,easy,501,1,0,0,O(V+E),O(V^2),0,0.1458
u00004,38,recursion,recursion-8-04,8,hard,1029,3,0,1,O(2^n),O(n!),0,0.5779
u00004,38,hashing,hashing-8-18,8,hard,1255,1,0,0,O(n),O(n^2),0,0.4812
u00004,38,strings,strings-5-37,5,medium,779,1,0,1,O(n),O(n),1,0.55
u00004,40,sorting,sorting-6-15,6,medium,369,1,1,1,O(n log n),O(n^2),0,0.4791
u00004,40,recursion,recursion-8-07,8,hard,835,4,0,1,O(2^n),O(n!),0,0.6123
u00004,40,sliding_window,sliding_window-6-38,6,medium,857,1,3,0,O(n),O(n log n),0,0.3433
u00004,40,dp,dp-4-18,4,medium,992,1,0,1,O(n^2),O(n^3),0,0.4341
u00004,47,heaps,heaps-3-22,3,easy,732,2,0,0,O(n log n),O(n^2),0,0.2811
u00004,47,binary_search,binary_search-3-27,3,easy,281,1,0,1,O(log n),O(log n),1,0.3994
u00004,47,linked_list,linked_list-4-28,4,medium,373,1,0,1,O(n),O(n log n),0,0.5125
u00004,47,greedy,greedy-4-07,4,medium,958,1,2,1,O(n log n),O(n log n),1,0.1516
u00004,47,two_pointers,two_pointers-5-01,5,medium,478,1,0,1,O(n),O(n),1,0.4673
u00004,47,greedy,greedy-2-08,2,easy,402,1,0,1,O(n log n),O(n log n),1,0.2002
u00004,49,greedy,greedy-3-06,3,easy,276,1,0,1,O(n log n),O(n^2),0,0.283
u00004,49,hashing,hashing-4-29,4,medium,620,1,0,1,O(n),O(n),1,0.4784
u00004,49,sliding_window,sliding_window-4-10,4,medium,458,1,0,0,O(n),O(n log n),0,0.3411
u00004,50,heaps,heaps-5-09,5,medium,723,1,1,1,O(n log n),O(n^3),0,0.3089
u00004,50,strings,strings-4-03,4,medium,868,1,0,1,O(n),O(n),1,0.5715
u00004,50,heaps,heaps-5-17,5,medium,528,2,0,0,O(n log n),O(n^2),0,0.3647
u00004,50,stack_queue,stack_queue-5-23,5,medium,504,1,0,1,O(n),O(n),1,0.437
